table_catalog,table_schema,table_name,column_name,data_type,is_nullable,ordinal_position
RAN_DE_DW_200_SILVER,audit,execution_log,execution_id,bigint,NO,1
RAN_DE_DW_200_SILVER,audit,execution_log,package_name,varchar,NO,2
RAN_DE_DW_200_SILVER,audit,execution_log,table_name,varchar,NO,3
RAN_DE_DW_200_SILVER,audit,execution_log,start_datetime,datetime2,NO,4
RAN_DE_DW_200_SILVER,audit,execution_log,end_datetime,datetime2,YES,5
RAN_DE_DW_200_SILVER,audit,execution_log,rows_read,bigint,YES,6
RAN_DE_DW_200_SILVER,audit,execution_log,rows_inserted,bigint,YES,7
RAN_DE_DW_200_SILVER,audit,execution_log,rows_updated,bigint,YES,8
RAN_DE_DW_200_SILVER,audit,execution_log,rows_deleted,bigint,YES,9
RAN_DE_DW_200_SILVER,audit,execution_log,last_watermark_value,datetime2,YES,10
RAN_DE_DW_200_SILVER,audit,execution_log,new_watermark_value,datetime2,YES,11
RAN_DE_DW_200_SILVER,audit,execution_log,status,varchar,NO,12
RAN_DE_DW_200_SILVER,audit,execution_log,error_message,varchar,YES,13
RAN_DE_DW_200_SILVER,audit,execution_log,user_name,varchar,YES,14
RAN_DE_DW_200_SILVER,audit,execution_log,created_at,datetime2,YES,15
RAN_DE_DW_200_SILVER,audit,gold_risk_run,run_id,varchar,NO,1
RAN_DE_DW_200_SILVER,audit,gold_risk_run,dominio_modelo,varchar,NO,2
RAN_DE_DW_200_SILVER,audit,gold_risk_run,target_schema,varchar,NO,3
RAN_DE_DW_200_SILVER,audit,gold_risk_run,proc_name,varchar,NO,4
RAN_DE_DW_200_SILVER,audit,gold_risk_run,modo_carga,varchar,YES,5
RAN_DE_DW_200_SILVER,audit,gold_risk_run,version_modelo,varchar,YES,6
RAN_DE_DW_200_SILVER,audit,gold_risk_run,execution_id,bigint,YES,7
RAN_DE_DW_200_SILVER,audit,gold_risk_run,started_at,datetime2,NO,8
RAN_DE_DW_200_SILVER,audit,gold_risk_run,finished_at,datetime2,YES,9
RAN_DE_DW_200_SILVER,audit,gold_risk_run,status,varchar,NO,10
RAN_DE_DW_200_SILVER,audit,gold_risk_run,rows_probabilidad,int,YES,11
RAN_DE_DW_200_SILVER,audit,gold_risk_run,rows_impacto,int,YES,12
RAN_DE_DW_200_SILVER,audit,gold_risk_run,rows_riesgo,int,YES,13
RAN_DE_DW_200_SILVER,audit,gold_risk_run,rows_total,int,YES,14
RAN_DE_DW_200_SILVER,audit,gold_risk_run,notes,varchar,YES,15
RAN_DE_DW_200_SILVER,audit,gold_risk_run,created_at,datetime2,YES,16
RAN_DE_DW_200_SILVER,audit,gold_risk_run,updated_at,datetime2,YES,17
RAN_DE_DW_200_SILVER,audit,gold_risk_run,dominio_modelo_visible,varchar,YES,18
RAN_DE_DW_200_SILVER,audit,vw_last_execution,table_name,varchar,NO,1
RAN_DE_DW_200_SILVER,audit,vw_last_execution,package_name,varchar,NO,2
RAN_DE_DW_200_SILVER,audit,vw_last_execution,last_execution_id,bigint,NO,3
RAN_DE_DW_200_SILVER,audit,vw_last_execution,last_run_start,datetime2,NO,4
RAN_DE_DW_200_SILVER,audit,vw_last_execution,last_run_end,datetime2,YES,5
RAN_DE_DW_200_SILVER,audit,vw_last_execution,last_run_duration_sec,int,YES,6
RAN_DE_DW_200_SILVER,audit,vw_last_execution,last_run_inserted,bigint,YES,7
RAN_DE_DW_200_SILVER,audit,vw_last_execution,last_run_updated,bigint,YES,8
RAN_DE_DW_200_SILVER,audit,vw_last_execution,last_run_deleted,bigint,YES,9
RAN_DE_DW_200_SILVER,audit,vw_last_execution,last_run_total_affected,bigint,YES,10
RAN_DE_DW_200_SILVER,audit,vw_last_execution,current_watermark,datetime2,YES,11
RAN_DE_DW_200_SILVER,bronze,tmp_lldt_cidat_excel,codi_dialeg,int,YES,1
RAN_DE_DW_200_SILVER,bronze,tmp_lldt_cidat_excel,nom_app,varchar,YES,2
RAN_DE_DW_200_SILVER,bronze,tmp_lldt_cidat_excel,acronim,varchar,YES,3
RAN_DE_DW_200_SILVER,bronze,tmp_lldt_cidat_excel,departament,varchar,YES,4
RAN_DE_DW_200_SILVER,bronze,tmp_lldt_cidat_excel,nom_departament,varchar,YES,5
RAN_DE_DW_200_SILVER,bronze,tmp_lldt_cidat_excel,confidencialitat_c,varchar,YES,6
RAN_DE_DW_200_SILVER,bronze,tmp_lldt_cidat_excel,integritat_i,varchar,YES,7
RAN_DE_DW_200_SILVER,bronze,tmp_lldt_cidat_excel,disponibilitat_d,varchar,YES,8
RAN_DE_DW_200_SILVER,bronze,tmp_lldt_cidat_excel,autenticitat_a,varchar,YES,9
RAN_DE_DW_200_SILVER,bronze,tmp_lldt_cidat_excel,tracabilitat_t,varchar,YES,10
RAN_DE_DW_200_SILVER,bronze,tmp_lldt_cidat_excel,classificacio_sistema,varchar,YES,11
RAN_DE_DW_200_SILVER,bronze,tmp_lldt_cidat_excel,key_seguretat,smallint,YES,12
RAN_DE_DW_200_SILVER,bronze,tmp_lldt_cidat_excel,dw_created_at,datetime2,YES,13
RAN_DE_DW_200_SILVER,bronze,tmp_sic_cidat_excel,codi_dialeg,int,YES,1
RAN_DE_DW_200_SILVER,bronze,tmp_sic_cidat_excel,nom_app,varchar,YES,2
RAN_DE_DW_200_SILVER,bronze,tmp_sic_cidat_excel,acronim,varchar,YES,3
RAN_DE_DW_200_SILVER,bronze,tmp_sic_cidat_excel,departament,varchar,YES,4
RAN_DE_DW_200_SILVER,bronze,tmp_sic_cidat_excel,nom_departament,varchar,YES,5
RAN_DE_DW_200_SILVER,bronze,tmp_sic_cidat_excel,confidencialitat_c,varchar,YES,6
RAN_DE_DW_200_SILVER,bronze,tmp_sic_cidat_excel,integritat_i,varchar,YES,7
RAN_DE_DW_200_SILVER,bronze,tmp_sic_cidat_excel,disponibilitat_d,varchar,YES,8
RAN_DE_DW_200_SILVER,bronze,tmp_sic_cidat_excel,autenticitat_a,varchar,YES,9
RAN_DE_DW_200_SILVER,bronze,tmp_sic_cidat_excel,tracabilitat_t,varchar,YES,10
RAN_DE_DW_200_SILVER,bronze,tmp_sic_cidat_excel,classificacio_sistema,varchar,YES,11
RAN_DE_DW_200_SILVER,bronze,tmp_sic_cidat_excel,key_seguretat,smallint,YES,12
RAN_DE_DW_200_SILVER,bronze,tmp_sic_cidat_excel,descripcio,varchar,YES,13
RAN_DE_DW_200_SILVER,bronze,tmp_sic_cidat_excel,descripcio_sistema,varchar,YES,14
RAN_DE_DW_200_SILVER,bronze,tmp_sic_cidat_excel,app,varchar,YES,15
RAN_DE_DW_200_SILVER,bronze,tmp_sic_cidat_excel,dw_created_at,datetime2,YES,16
RAN_DE_DW_200_SILVER,gold_cultura,dim_regla,dominio_modelo,varchar,NO,1
RAN_DE_DW_200_SILVER,gold_cultura,dim_regla,codigo_regla,int,NO,2
RAN_DE_DW_200_SILVER,gold_cultura,dim_regla,bloque,int,NO,3
RAN_DE_DW_200_SILVER,gold_cultura,dim_regla,id_risc,int,NO,4
RAN_DE_DW_200_SILVER,gold_cultura,dim_regla,risc,varchar,YES,5
RAN_DE_DW_200_SILVER,gold_cultura,dim_regla,regla_nombre,varchar,YES,6
RAN_DE_DW_200_SILVER,gold_cultura,dim_regla,descripcion_funcional_255,varchar,YES,7
RAN_DE_DW_200_SILVER,gold_cultura,dim_regla,fuente_principal,varchar,YES,8
RAN_DE_DW_200_SILVER,gold_cultura,dim_regla,tipo_origen,varchar,YES,9
RAN_DE_DW_200_SILVER,gold_cultura,dim_regla,tiene_default_configurado,smallint,YES,10
RAN_DE_DW_200_SILVER,gold_cultura,dim_regla,peso_regla,decimal,YES,11
RAN_DE_DW_200_SILVER,gold_cultura,dim_regla,default_nivel_num,smallint,YES,12
RAN_DE_DW_200_SILVER,gold_cultura,dim_regla,default_nivel_texto,varchar,YES,13
RAN_DE_DW_200_SILVER,gold_cultura,dim_regla,activa,smallint,YES,14
RAN_DE_DW_200_SILVER,gold_cultura,dim_regla,fecha_carga,datetime2,YES,15
RAN_DE_DW_200_SILVER,gold_cultura,dim_sig_scope,sic,int,NO,1
RAN_DE_DW_200_SILVER,gold_cultura,dim_sig_scope,nom_app,varchar,YES,2
RAN_DE_DW_200_SILVER,gold_cultura,dim_sig_scope,codigo_departamento_ref,varchar,YES,3
RAN_DE_DW_200_SILVER,gold_cultura,dim_sig_scope,nombre_departamento_ref,varchar,YES,4
RAN_DE_DW_200_SILVER,gold_cultura,dim_sig_scope,linked_hosts,int,YES,5
RAN_DE_DW_200_SILVER,gold_cultura,dim_sig_scope,num_usuarios_max,int,YES,6
RAN_DE_DW_200_SILVER,gold_cultura,dim_sig_scope,criticidad_negocio,smallint,YES,7
RAN_DE_DW_200_SILVER,gold_cultura,dim_sig_scope,key_seguretat,smallint,YES,8
RAN_DE_DW_200_SILVER,gold_cultura,dim_sig_scope,confidencialitat,varchar,YES,9
RAN_DE_DW_200_SILVER,gold_cultura,dim_sig_scope,integritat,varchar,YES,10
RAN_DE_DW_200_SILVER,gold_cultura,dim_sig_scope,disponibilitat,varchar,YES,11
RAN_DE_DW_200_SILVER,gold_cultura,dim_sig_scope,autenticitat,varchar,YES,12
RAN_DE_DW_200_SILVER,gold_cultura,dim_sig_scope,tracabilitat,varchar,YES,13
RAN_DE_DW_200_SILVER,gold_cultura,dim_sig_scope,cidat_max_nivel,smallint,YES,14
RAN_DE_DW_200_SILVER,gold_cultura,dim_sig_scope,fecha_carga,datetime2,YES,15
RAN_DE_DW_200_SILVER,gold_cultura,dim_supuesto_modelo,dominio_modelo,varchar,NO,1
RAN_DE_DW_200_SILVER,gold_cultura,dim_supuesto_modelo,codigo_regla,int,YES,2
RAN_DE_DW_200_SILVER,gold_cultura,dim_supuesto_modelo,tema,varchar,NO,3
RAN_DE_DW_200_SILVER,gold_cultura,dim_supuesto_modelo,fuente_o_proxy,varchar,YES,4
RAN_DE_DW_200_SILVER,gold_cultura,dim_supuesto_modelo,tipo,varchar,YES,5
RAN_DE_DW_200_SILVER,gold_cultura,dim_supuesto_modelo,descripcion,varchar,YES,6
RAN_DE_DW_200_SILVER,gold_cultura,dim_supuesto_modelo,es_vigente,smallint,YES,7
RAN_DE_DW_200_SILVER,gold_cultura,dim_supuesto_modelo,vigente_desde,datetime2,YES,8
RAN_DE_DW_200_SILVER,gold_cultura,dim_supuesto_modelo,vigente_hasta,datetime2,YES,9
RAN_DE_DW_200_SILVER,gold_cultura,fact_impacto,sic,int,NO,1
RAN_DE_DW_200_SILVER,gold_cultura,fact_impacto,nom_app,varchar,YES,2
RAN_DE_DW_200_SILVER,gold_cultura,fact_impacto,codigo_departamento_ref,varchar,YES,3
RAN_DE_DW_200_SILVER,gold_cultura,fact_impacto,nombre_departamento_ref,varchar,YES,4
RAN_DE_DW_200_SILVER,gold_cultura,fact_impacto,bloque,int,NO,5
RAN_DE_DW_200_SILVER,gold_cultura,fact_impacto,id_risc,int,NO,6
RAN_DE_DW_200_SILVER,gold_cultura,fact_impacto,codigo_regla,int,NO,7
RAN_DE_DW_200_SILVER,gold_cultura,fact_impacto,regla_nombre,varchar,YES,8
RAN_DE_DW_200_SILVER,gold_cultura,fact_impacto,nivel_num,smallint,YES,9
RAN_DE_DW_200_SILVER,gold_cultura,fact_impacto,nivel_texto,varchar,YES,10
RAN_DE_DW_200_SILVER,gold_cultura,fact_impacto,tipo_valor,varchar,YES,11
RAN_DE_DW_200_SILVER,gold_cultura,fact_impacto,usa_default,smallint,YES,12
RAN_DE_DW_200_SILVER,gold_cultura,fact_impacto,peso_regla,decimal,YES,13
RAN_DE_DW_200_SILVER,gold_cultura,fact_impacto,supuesto_nota,varchar,YES,14
RAN_DE_DW_200_SILVER,gold_cultura,fact_impacto,run_id,varchar,YES,15
RAN_DE_DW_200_SILVER,gold_cultura,fact_impacto,version_modelo,varchar,YES,16
RAN_DE_DW_200_SILVER,gold_cultura,fact_impacto,fecha_calculo,datetime2,YES,17
RAN_DE_DW_200_SILVER,gold_cultura,fact_impacto_bloque,sic,int,NO,1
RAN_DE_DW_200_SILVER,gold_cultura,fact_impacto_bloque,nom_app,varchar,YES,2
RAN_DE_DW_200_SILVER,gold_cultura,fact_impacto_bloque,codigo_departamento_ref,varchar,YES,3
RAN_DE_DW_200_SILVER,gold_cultura,fact_impacto_bloque,nombre_departamento_ref,varchar,YES,4
RAN_DE_DW_200_SILVER,gold_cultura,fact_impacto_bloque,bloque,int,NO,5
RAN_DE_DW_200_SILVER,gold_cultura,fact_impacto_bloque,id_risc,int,NO,6
RAN_DE_DW_200_SILVER,gold_cultura,fact_impacto_bloque,impacto_origen_id,int,NO,7
RAN_DE_DW_200_SILVER,gold_cultura,fact_impacto_bloque,impacto_origen_tipo,varchar,NO,8
RAN_DE_DW_200_SILVER,gold_cultura,fact_impacto_bloque,impacto_raw,decimal,YES,9
RAN_DE_DW_200_SILVER,gold_cultura,fact_impacto_bloque,impacto_final_num,smallint,YES,10
RAN_DE_DW_200_SILVER,gold_cultura,fact_impacto_bloque,impacto_final_texto,varchar,YES,11
RAN_DE_DW_200_SILVER,gold_cultura,fact_impacto_bloque,tipo_valor,varchar,YES,12
RAN_DE_DW_200_SILVER,gold_cultura,fact_impacto_bloque,supuesto_nota,varchar,YES,13
RAN_DE_DW_200_SILVER,gold_cultura,fact_impacto_bloque,run_id,varchar,YES,14
RAN_DE_DW_200_SILVER,gold_cultura,fact_impacto_bloque,version_modelo,varchar,YES,15
RAN_DE_DW_200_SILVER,gold_cultura,fact_impacto_bloque,fecha_calculo,datetime2,YES,16
RAN_DE_DW_200_SILVER,gold_cultura,fact_probabilidad,sic,int,NO,1
RAN_DE_DW_200_SILVER,gold_cultura,fact_probabilidad,nom_app,varchar,YES,2
RAN_DE_DW_200_SILVER,gold_cultura,fact_probabilidad,codigo_departamento_ref,varchar,YES,3
RAN_DE_DW_200_SILVER,gold_cultura,fact_probabilidad,nombre_departamento_ref,varchar,YES,4
RAN_DE_DW_200_SILVER,gold_cultura,fact_probabilidad,codigo_regla,int,NO,5
RAN_DE_DW_200_SILVER,gold_cultura,fact_probabilidad,bloque,int,NO,6
RAN_DE_DW_200_SILVER,gold_cultura,fact_probabilidad,id_risc,int,NO,7
RAN_DE_DW_200_SILVER,gold_cultura,fact_probabilidad,regla_nombre,varchar,YES,8
RAN_DE_DW_200_SILVER,gold_cultura,fact_probabilidad,valor_pct,decimal,YES,9
RAN_DE_DW_200_SILVER,gold_cultura,fact_probabilidad,nivel_num,smallint,YES,10
RAN_DE_DW_200_SILVER,gold_cultura,fact_probabilidad,nivel_texto,varchar,YES,11
RAN_DE_DW_200_SILVER,gold_cultura,fact_probabilidad,tipo_valor,varchar,YES,12
RAN_DE_DW_200_SILVER,gold_cultura,fact_probabilidad,usa_default,smallint,YES,13
RAN_DE_DW_200_SILVER,gold_cultura,fact_probabilidad,peso_regla,decimal,YES,14
RAN_DE_DW_200_SILVER,gold_cultura,fact_probabilidad,fuente_principal,varchar,YES,15
RAN_DE_DW_200_SILVER,gold_cultura,fact_probabilidad,supuesto_nota,varchar,YES,16
RAN_DE_DW_200_SILVER,gold_cultura,fact_probabilidad,run_id,varchar,YES,17
RAN_DE_DW_200_SILVER,gold_cultura,fact_probabilidad,version_modelo,varchar,YES,18
RAN_DE_DW_200_SILVER,gold_cultura,fact_probabilidad,fecha_calculo,datetime2,YES,19
RAN_DE_DW_200_SILVER,gold_cultura,fact_probabilidad_bloque,sic,int,NO,1
RAN_DE_DW_200_SILVER,gold_cultura,fact_probabilidad_bloque,nom_app,varchar,YES,2
RAN_DE_DW_200_SILVER,gold_cultura,fact_probabilidad_bloque,codigo_departamento_ref,varchar,YES,3
RAN_DE_DW_200_SILVER,gold_cultura,fact_probabilidad_bloque,nombre_departamento_ref,varchar,YES,4
RAN_DE_DW_200_SILVER,gold_cultura,fact_probabilidad_bloque,bloque_probabilidad,int,NO,5
RAN_DE_DW_200_SILVER,gold_cultura,fact_probabilidad_bloque,id_risc,int,NO,6
RAN_DE_DW_200_SILVER,gold_cultura,fact_probabilidad_bloque,promedio_probabilidad,decimal,YES,7
RAN_DE_DW_200_SILVER,gold_cultura,fact_probabilidad_bloque,reglas,int,YES,8
RAN_DE_DW_200_SILVER,gold_cultura,fact_probabilidad_bloque,reales,int,YES,9
RAN_DE_DW_200_SILVER,gold_cultura,fact_probabilidad_bloque,proxies,int,YES,10
RAN_DE_DW_200_SILVER,gold_cultura,fact_probabilidad_bloque,defaults_cnt,int,YES,11
RAN_DE_DW_200_SILVER,gold_cultura,fact_probabilidad_bloque,constantes,int,YES,12
RAN_DE_DW_200_SILVER,gold_cultura,fact_probabilidad_bloque,nivel_bloque_num,smallint,YES,13
RAN_DE_DW_200_SILVER,gold_cultura,fact_probabilidad_bloque,nivel_bloque_texto,varchar,YES,14
RAN_DE_DW_200_SILVER,gold_cultura,fact_probabilidad_bloque,run_id,varchar,YES,15
RAN_DE_DW_200_SILVER,gold_cultura,fact_probabilidad_bloque,version_modelo,varchar,YES,16
RAN_DE_DW_200_SILVER,gold_cultura,fact_probabilidad_bloque,fecha_calculo,datetime2,YES,17
RAN_DE_DW_200_SILVER,gold_cultura,fact_riesgo,sic,int,NO,1
RAN_DE_DW_200_SILVER,gold_cultura,fact_riesgo,nom_app,varchar,YES,2
RAN_DE_DW_200_SILVER,gold_cultura,fact_riesgo,codigo_departamento_ref,varchar,YES,3
RAN_DE_DW_200_SILVER,gold_cultura,fact_riesgo,nombre_departamento_ref,varchar,YES,4
RAN_DE_DW_200_SILVER,gold_cultura,fact_riesgo,bloque,int,NO,5
RAN_DE_DW_200_SILVER,gold_cultura,fact_riesgo,id_risc,int,NO,6
RAN_DE_DW_200_SILVER,gold_cultura,fact_riesgo,impacto_origen_id,int,NO,7
RAN_DE_DW_200_SILVER,gold_cultura,fact_riesgo,impacto_origen_tipo,varchar,NO,8
RAN_DE_DW_200_SILVER,gold_cultura,fact_riesgo,probabilidad_raw,decimal,YES,9
RAN_DE_DW_200_SILVER,gold_cultura,fact_riesgo,probabilidad_final_num,smallint,YES,10
RAN_DE_DW_200_SILVER,gold_cultura,fact_riesgo,probabilidad_final_texto,varchar,YES,11
RAN_DE_DW_200_SILVER,gold_cultura,fact_riesgo,impacto_raw,decimal,YES,12
RAN_DE_DW_200_SILVER,gold_cultura,fact_riesgo,impacto_final_num,smallint,YES,13
RAN_DE_DW_200_SILVER,gold_cultura,fact_riesgo,impacto_final_texto,varchar,YES,14
RAN_DE_DW_200_SILVER,gold_cultura,fact_riesgo,riesgo_raw,decimal,YES,15
RAN_DE_DW_200_SILVER,gold_cultura,fact_riesgo,riesgo_final_num,smallint,YES,16
RAN_DE_DW_200_SILVER,gold_cultura,fact_riesgo,riesgo_final_texto,varchar,YES,17
RAN_DE_DW_200_SILVER,gold_cultura,fact_riesgo,metodo_calculo,varchar,YES,18
RAN_DE_DW_200_SILVER,gold_cultura,fact_riesgo,run_id,varchar,YES,19
RAN_DE_DW_200_SILVER,gold_cultura,fact_riesgo,version_modelo,varchar,YES,20
RAN_DE_DW_200_SILVER,gold_cultura,fact_riesgo,fecha_calculo,datetime2,YES,21
RAN_DE_DW_200_SILVER,gold_governanca,dim_regla,dominio_modelo,varchar,NO,1
RAN_DE_DW_200_SILVER,gold_governanca,dim_regla,codigo_regla,int,NO,2
RAN_DE_DW_200_SILVER,gold_governanca,dim_regla,bloque,int,NO,3
RAN_DE_DW_200_SILVER,gold_governanca,dim_regla,id_risc,int,NO,4
RAN_DE_DW_200_SILVER,gold_governanca,dim_regla,risc,varchar,YES,5
RAN_DE_DW_200_SILVER,gold_governanca,dim_regla,regla_nombre,varchar,YES,6
RAN_DE_DW_200_SILVER,gold_governanca,dim_regla,descripcion_funcional_255,varchar,YES,7
RAN_DE_DW_200_SILVER,gold_governanca,dim_regla,fuente_principal,varchar,YES,8
RAN_DE_DW_200_SILVER,gold_governanca,dim_regla,tipo_origen,varchar,YES,9
RAN_DE_DW_200_SILVER,gold_governanca,dim_regla,tiene_default_configurado,smallint,YES,10
RAN_DE_DW_200_SILVER,gold_governanca,dim_regla,peso_regla,decimal,YES,11
RAN_DE_DW_200_SILVER,gold_governanca,dim_regla,default_nivel_num,smallint,YES,12
RAN_DE_DW_200_SILVER,gold_governanca,dim_regla,default_nivel_texto,varchar,YES,13
RAN_DE_DW_200_SILVER,gold_governanca,dim_regla,activa,smallint,YES,14
RAN_DE_DW_200_SILVER,gold_governanca,dim_regla,fecha_carga,datetime2,YES,15
RAN_DE_DW_200_SILVER,gold_governanca,dim_sig_scope,sic,int,NO,1
RAN_DE_DW_200_SILVER,gold_governanca,dim_sig_scope,nom_app,varchar,YES,2
RAN_DE_DW_200_SILVER,gold_governanca,dim_sig_scope,codigo_departamento_ref,varchar,YES,3
RAN_DE_DW_200_SILVER,gold_governanca,dim_sig_scope,nombre_departamento_ref,varchar,YES,4
RAN_DE_DW_200_SILVER,gold_governanca,dim_sig_scope,linked_hosts,int,YES,5
RAN_DE_DW_200_SILVER,gold_governanca,dim_sig_scope,num_usuarios_max,int,YES,6
RAN_DE_DW_200_SILVER,gold_governanca,dim_sig_scope,criticidad_negocio,smallint,YES,7
RAN_DE_DW_200_SILVER,gold_governanca,dim_sig_scope,key_seguretat,smallint,YES,8
RAN_DE_DW_200_SILVER,gold_governanca,dim_sig_scope,confidencialitat,varchar,YES,9
RAN_DE_DW_200_SILVER,gold_governanca,dim_sig_scope,integritat,varchar,YES,10
RAN_DE_DW_200_SILVER,gold_governanca,dim_sig_scope,disponibilitat,varchar,YES,11
RAN_DE_DW_200_SILVER,gold_governanca,dim_sig_scope,autenticitat,varchar,YES,12
RAN_DE_DW_200_SILVER,gold_governanca,dim_sig_scope,tracabilitat,varchar,YES,13
RAN_DE_DW_200_SILVER,gold_governanca,dim_sig_scope,cidat_max_nivel,smallint,YES,14
RAN_DE_DW_200_SILVER,gold_governanca,dim_sig_scope,fecha_carga,datetime2,YES,15
RAN_DE_DW_200_SILVER,gold_governanca,dim_supuesto_modelo,dominio_modelo,varchar,NO,1
RAN_DE_DW_200_SILVER,gold_governanca,dim_supuesto_modelo,codigo_regla,int,YES,2
RAN_DE_DW_200_SILVER,gold_governanca,dim_supuesto_modelo,tema,varchar,NO,3
RAN_DE_DW_200_SILVER,gold_governanca,dim_supuesto_modelo,fuente_o_proxy,varchar,YES,4
RAN_DE_DW_200_SILVER,gold_governanca,dim_supuesto_modelo,tipo,varchar,YES,5
RAN_DE_DW_200_SILVER,gold_governanca,dim_supuesto_modelo,descripcion,varchar,YES,6
RAN_DE_DW_200_SILVER,gold_governanca,dim_supuesto_modelo,es_vigente,smallint,YES,7
RAN_DE_DW_200_SILVER,gold_governanca,dim_supuesto_modelo,vigente_desde,datetime2,YES,8
RAN_DE_DW_200_SILVER,gold_governanca,dim_supuesto_modelo,vigente_hasta,datetime2,YES,9
RAN_DE_DW_200_SILVER,gold_governanca,fact_impacto,sic,int,NO,1
RAN_DE_DW_200_SILVER,gold_governanca,fact_impacto,nom_app,varchar,YES,2
RAN_DE_DW_200_SILVER,gold_governanca,fact_impacto,codigo_departamento_ref,varchar,YES,3
RAN_DE_DW_200_SILVER,gold_governanca,fact_impacto,nombre_departamento_ref,varchar,YES,4
RAN_DE_DW_200_SILVER,gold_governanca,fact_impacto,bloque,int,NO,5
RAN_DE_DW_200_SILVER,gold_governanca,fact_impacto,id_risc,int,NO,6
RAN_DE_DW_200_SILVER,gold_governanca,fact_impacto,codigo_regla,int,NO,7
RAN_DE_DW_200_SILVER,gold_governanca,fact_impacto,regla_nombre,varchar,YES,8
RAN_DE_DW_200_SILVER,gold_governanca,fact_impacto,nivel_num,smallint,YES,9
RAN_DE_DW_200_SILVER,gold_governanca,fact_impacto,nivel_texto,varchar,YES,10
RAN_DE_DW_200_SILVER,gold_governanca,fact_impacto,tipo_valor,varchar,YES,11
RAN_DE_DW_200_SILVER,gold_governanca,fact_impacto,usa_default,smallint,YES,12
RAN_DE_DW_200_SILVER,gold_governanca,fact_impacto,peso_regla,decimal,YES,13
RAN_DE_DW_200_SILVER,gold_governanca,fact_impacto,supuesto_nota,varchar,YES,14
RAN_DE_DW_200_SILVER,gold_governanca,fact_impacto,run_id,varchar,YES,15
RAN_DE_DW_200_SILVER,gold_governanca,fact_impacto,version_modelo,varchar,YES,16
RAN_DE_DW_200_SILVER,gold_governanca,fact_impacto,fecha_calculo,datetime2,YES,17
RAN_DE_DW_200_SILVER,gold_governanca,fact_impacto_bloque,sic,int,NO,1
RAN_DE_DW_200_SILVER,gold_governanca,fact_impacto_bloque,nom_app,varchar,YES,2
RAN_DE_DW_200_SILVER,gold_governanca,fact_impacto_bloque,codigo_departamento_ref,varchar,YES,3
RAN_DE_DW_200_SILVER,gold_governanca,fact_impacto_bloque,nombre_departamento_ref,varchar,YES,4
RAN_DE_DW_200_SILVER,gold_governanca,fact_impacto_bloque,bloque,int,NO,5
RAN_DE_DW_200_SILVER,gold_governanca,fact_impacto_bloque,id_risc,int,NO,6
RAN_DE_DW_200_SILVER,gold_governanca,fact_impacto_bloque,impacto_origen_id,int,NO,7
RAN_DE_DW_200_SILVER,gold_governanca,fact_impacto_bloque,impacto_origen_tipo,varchar,NO,8
RAN_DE_DW_200_SILVER,gold_governanca,fact_impacto_bloque,impacto_raw,decimal,YES,9
RAN_DE_DW_200_SILVER,gold_governanca,fact_impacto_bloque,impacto_final_num,smallint,YES,10
RAN_DE_DW_200_SILVER,gold_governanca,fact_impacto_bloque,impacto_final_texto,varchar,YES,11
RAN_DE_DW_200_SILVER,gold_governanca,fact_impacto_bloque,tipo_valor,varchar,YES,12
RAN_DE_DW_200_SILVER,gold_governanca,fact_impacto_bloque,supuesto_nota,varchar,YES,13
RAN_DE_DW_200_SILVER,gold_governanca,fact_impacto_bloque,run_id,varchar,YES,14
RAN_DE_DW_200_SILVER,gold_governanca,fact_impacto_bloque,version_modelo,varchar,YES,15
RAN_DE_DW_200_SILVER,gold_governanca,fact_impacto_bloque,fecha_calculo,datetime2,YES,16
RAN_DE_DW_200_SILVER,gold_governanca,fact_probabilidad,sic,int,NO,1
RAN_DE_DW_200_SILVER,gold_governanca,fact_probabilidad,nom_app,varchar,YES,2
RAN_DE_DW_200_SILVER,gold_governanca,fact_probabilidad,codigo_departamento_ref,varchar,YES,3
RAN_DE_DW_200_SILVER,gold_governanca,fact_probabilidad,nombre_departamento_ref,varchar,YES,4
RAN_DE_DW_200_SILVER,gold_governanca,fact_probabilidad,codigo_regla,int,NO,5
RAN_DE_DW_200_SILVER,gold_governanca,fact_probabilidad,bloque,int,NO,6
RAN_DE_DW_200_SILVER,gold_governanca,fact_probabilidad,id_risc,int,NO,7
RAN_DE_DW_200_SILVER,gold_governanca,fact_probabilidad,regla_nombre,varchar,YES,8
RAN_DE_DW_200_SILVER,gold_governanca,fact_probabilidad,valor_pct,decimal,YES,9
RAN_DE_DW_200_SILVER,gold_governanca,fact_probabilidad,nivel_num,smallint,YES,10
RAN_DE_DW_200_SILVER,gold_governanca,fact_probabilidad,nivel_texto,varchar,YES,11
RAN_DE_DW_200_SILVER,gold_governanca,fact_probabilidad,tipo_valor,varchar,YES,12
RAN_DE_DW_200_SILVER,gold_governanca,fact_probabilidad,usa_default,smallint,YES,13
RAN_DE_DW_200_SILVER,gold_governanca,fact_probabilidad,peso_regla,decimal,YES,14
RAN_DE_DW_200_SILVER,gold_governanca,fact_probabilidad,fuente_principal,varchar,YES,15
RAN_DE_DW_200_SILVER,gold_governanca,fact_probabilidad,supuesto_nota,varchar,YES,16
RAN_DE_DW_200_SILVER,gold_governanca,fact_probabilidad,run_id,varchar,YES,17
RAN_DE_DW_200_SILVER,gold_governanca,fact_probabilidad,version_modelo,varchar,YES,18
RAN_DE_DW_200_SILVER,gold_governanca,fact_probabilidad,fecha_calculo,datetime2,YES,19
RAN_DE_DW_200_SILVER,gold_governanca,fact_probabilidad_bloque,sic,int,NO,1
RAN_DE_DW_200_SILVER,gold_governanca,fact_probabilidad_bloque,nom_app,varchar,YES,2
RAN_DE_DW_200_SILVER,gold_governanca,fact_probabilidad_bloque,codigo_departamento_ref,varchar,YES,3
RAN_DE_DW_200_SILVER,gold_governanca,fact_probabilidad_bloque,nombre_departamento_ref,varchar,YES,4
RAN_DE_DW_200_SILVER,gold_governanca,fact_probabilidad_bloque,bloque_probabilidad,int,NO,5
RAN_DE_DW_200_SILVER,gold_governanca,fact_probabilidad_bloque,id_risc,int,NO,6
RAN_DE_DW_200_SILVER,gold_governanca,fact_probabilidad_bloque,promedio_probabilidad,decimal,YES,7
RAN_DE_DW_200_SILVER,gold_governanca,fact_probabilidad_bloque,reglas,int,YES,8
RAN_DE_DW_200_SILVER,gold_governanca,fact_probabilidad_bloque,reales,int,YES,9
RAN_DE_DW_200_SILVER,gold_governanca,fact_probabilidad_bloque,proxies,int,YES,10
RAN_DE_DW_200_SILVER,gold_governanca,fact_probabilidad_bloque,defaults_cnt,int,YES,11
RAN_DE_DW_200_SILVER,gold_governanca,fact_probabilidad_bloque,constantes,int,YES,12
RAN_DE_DW_200_SILVER,gold_governanca,fact_probabilidad_bloque,nivel_bloque_num,smallint,YES,13
RAN_DE_DW_200_SILVER,gold_governanca,fact_probabilidad_bloque,nivel_bloque_texto,varchar,YES,14
RAN_DE_DW_200_SILVER,gold_governanca,fact_probabilidad_bloque,run_id,varchar,YES,15
RAN_DE_DW_200_SILVER,gold_governanca,fact_probabilidad_bloque,version_modelo,varchar,YES,16
RAN_DE_DW_200_SILVER,gold_governanca,fact_probabilidad_bloque,fecha_calculo,datetime2,YES,17
RAN_DE_DW_200_SILVER,gold_governanca,fact_riesgo,sic,int,NO,1
RAN_DE_DW_200_SILVER,gold_governanca,fact_riesgo,nom_app,varchar,YES,2
RAN_DE_DW_200_SILVER,gold_governanca,fact_riesgo,codigo_departamento_ref,varchar,YES,3
RAN_DE_DW_200_SILVER,gold_governanca,fact_riesgo,nombre_departamento_ref,varchar,YES,4
RAN_DE_DW_200_SILVER,gold_governanca,fact_riesgo,bloque,int,NO,5
RAN_DE_DW_200_SILVER,gold_governanca,fact_riesgo,id_risc,int,NO,6
RAN_DE_DW_200_SILVER,gold_governanca,fact_riesgo,impacto_origen_id,int,NO,7
RAN_DE_DW_200_SILVER,gold_governanca,fact_riesgo,impacto_origen_tipo,varchar,NO,8
RAN_DE_DW_200_SILVER,gold_governanca,fact_riesgo,probabilidad_raw,decimal,YES,9
RAN_DE_DW_200_SILVER,gold_governanca,fact_riesgo,probabilidad_final_num,smallint,YES,10
RAN_DE_DW_200_SILVER,gold_governanca,fact_riesgo,probabilidad_final_texto,varchar,YES,11
RAN_DE_DW_200_SILVER,gold_governanca,fact_riesgo,impacto_raw,decimal,YES,12
RAN_DE_DW_200_SILVER,gold_governanca,fact_riesgo,impacto_final_num,smallint,YES,13
RAN_DE_DW_200_SILVER,gold_governanca,fact_riesgo,impacto_final_texto,varchar,YES,14
RAN_DE_DW_200_SILVER,gold_governanca,fact_riesgo,riesgo_raw,decimal,YES,15
RAN_DE_DW_200_SILVER,gold_governanca,fact_riesgo,riesgo_final_num,smallint,YES,16
RAN_DE_DW_200_SILVER,gold_governanca,fact_riesgo,riesgo_final_texto,varchar,YES,17
RAN_DE_DW_200_SILVER,gold_governanca,fact_riesgo,metodo_calculo,varchar,YES,18
RAN_DE_DW_200_SILVER,gold_governanca,fact_riesgo,run_id,varchar,YES,19
RAN_DE_DW_200_SILVER,gold_governanca,fact_riesgo,version_modelo,varchar,YES,20
RAN_DE_DW_200_SILVER,gold_governanca,fact_riesgo,fecha_calculo,datetime2,YES,21
RAN_DE_DW_200_SILVER,gold_infra,bridge_risc_amenaca_filter,id_risc,int,NO,1
RAN_DE_DW_200_SILVER,gold_infra,bridge_risc_amenaca_filter,risc,varchar,NO,2
RAN_DE_DW_200_SILVER,gold_infra,bridge_risc_amenaca_filter,id_amenaca,varchar,NO,3
RAN_DE_DW_200_SILVER,gold_infra,bridge_risc_amenaca_filter,amenaca_acc,varchar,NO,4
RAN_DE_DW_200_SILVER,gold_infra,bridge_risc_amenaca_filter,fecha_carga,datetime2,YES,5
RAN_DE_DW_200_SILVER,gold_infra,dim_amenaca_filter,id_amenaca,varchar,NO,1
RAN_DE_DW_200_SILVER,gold_infra,dim_amenaca_filter,amenaca_acc,varchar,NO,2
RAN_DE_DW_200_SILVER,gold_infra,dim_amenaca_filter,fecha_carga,datetime2,YES,3
RAN_DE_DW_200_SILVER,gold_infra,dim_regla,dominio_modelo,varchar,NO,1
RAN_DE_DW_200_SILVER,gold_infra,dim_regla,codigo_regla,int,NO,2
RAN_DE_DW_200_SILVER,gold_infra,dim_regla,bloque,int,YES,3
RAN_DE_DW_200_SILVER,gold_infra,dim_regla,id_risc,int,YES,4
RAN_DE_DW_200_SILVER,gold_infra,dim_regla,risc,varchar,YES,5
RAN_DE_DW_200_SILVER,gold_infra,dim_regla,id_amenaca,varchar,YES,6
RAN_DE_DW_200_SILVER,gold_infra,dim_regla,amenaca_acc,varchar,YES,7
RAN_DE_DW_200_SILVER,gold_infra,dim_regla,id_font,varchar,YES,8
RAN_DE_DW_200_SILVER,gold_infra,dim_regla,font_integracio,varchar,YES,9
RAN_DE_DW_200_SILVER,gold_infra,dim_regla,camps,varchar,YES,10
RAN_DE_DW_200_SILVER,gold_infra,dim_regla,info_font,varchar,YES,11
RAN_DE_DW_200_SILVER,gold_infra,dim_regla,info_analitzada,varchar,YES,12
RAN_DE_DW_200_SILVER,gold_infra,dim_regla,cidat_degradation,varchar,YES,13
RAN_DE_DW_200_SILVER,gold_infra,dim_regla,regla_baix,varchar,YES,14
RAN_DE_DW_200_SILVER,gold_infra,dim_regla,regla_mig,varchar,YES,15
RAN_DE_DW_200_SILVER,gold_infra,dim_regla,regla_alt,varchar,YES,16
RAN_DE_DW_200_SILVER,gold_infra,dim_regla,regla_molt_alt,varchar,YES,17
RAN_DE_DW_200_SILVER,gold_infra,dim_regla,tipo_valor_default,varchar,YES,18
RAN_DE_DW_200_SILVER,gold_infra,dim_regla,activa,smallint,YES,19
RAN_DE_DW_200_SILVER,gold_infra,dim_regla,fecha_carga,datetime2,YES,20
RAN_DE_DW_200_SILVER,gold_infra,dim_regla,peso_regla,decimal,YES,21
RAN_DE_DW_200_SILVER,gold_infra,dim_regla,default_nivel_num,smallint,YES,22
RAN_DE_DW_200_SILVER,gold_infra,dim_regla,default_nivel_texto,varchar,YES,23
RAN_DE_DW_200_SILVER,gold_infra,dim_regla,tiene_default_configurado,smallint,YES,24
RAN_DE_DW_200_SILVER,gold_infra,dim_regla,dominio_modelo_visible,varchar,YES,25
RAN_DE_DW_200_SILVER,gold_infra,dim_risc_filter,id_risc,int,NO,1
RAN_DE_DW_200_SILVER,gold_infra,dim_risc_filter,risc,varchar,NO,2
RAN_DE_DW_200_SILVER,gold_infra,dim_risc_filter,fecha_carga,datetime2,YES,3
RAN_DE_DW_200_SILVER,gold_infra,dim_sig,sic,int,NO,1
RAN_DE_DW_200_SILVER,gold_infra,dim_sig,nom_app,varchar,YES,2
RAN_DE_DW_200_SILVER,gold_infra,dim_sig,num_usuarios_max,int,YES,3
RAN_DE_DW_200_SILVER,gold_infra,dim_sig,rto,varchar,YES,4
RAN_DE_DW_200_SILVER,gold_infra,dim_sig,rpo,varchar,YES,5
RAN_DE_DW_200_SILVER,gold_infra,dim_sig,key_seguretat,smallint,YES,6
RAN_DE_DW_200_SILVER,gold_infra,dim_sig,key_privacitat,smallint,YES,7
RAN_DE_DW_200_SILVER,gold_infra,dim_sig,key_visibilitat,smallint,YES,8
RAN_DE_DW_200_SILVER,gold_infra,dim_sig,key_disponibilitat,smallint,YES,9
RAN_DE_DW_200_SILVER,gold_infra,dim_sig,criticidad_negocio,smallint,YES,10
RAN_DE_DW_200_SILVER,gold_infra,dim_sig,confidencialitat,varchar,YES,11
RAN_DE_DW_200_SILVER,gold_infra,dim_sig,integritat,varchar,YES,12
RAN_DE_DW_200_SILVER,gold_infra,dim_sig,disponibilitat,varchar,YES,13
RAN_DE_DW_200_SILVER,gold_infra,dim_sig,autenticitat,varchar,YES,14
RAN_DE_DW_200_SILVER,gold_infra,dim_sig,tracabilitat,varchar,YES,15
RAN_DE_DW_200_SILVER,gold_infra,dim_sig,cidat_max_nivel,smallint,YES,16
RAN_DE_DW_200_SILVER,gold_infra,dim_sig,ens_nivel_sistema,smallint,YES,17
RAN_DE_DW_200_SILVER,gold_infra,dim_sig,fecha_carga,datetime2,YES,18
RAN_DE_DW_200_SILVER,gold_infra,dim_sig,codigo_departamento,varchar,YES,19
RAN_DE_DW_200_SILVER,gold_infra,dim_sig,cpd_codigo,varchar,YES,20
RAN_DE_DW_200_SILVER,gold_infra,dim_sig,cpd_lot_id,int,YES,21
RAN_DE_DW_200_SILVER,gold_infra,dim_supuesto_modelo,dominio_modelo,varchar,NO,1
RAN_DE_DW_200_SILVER,gold_infra,dim_supuesto_modelo,codigo_regla,int,YES,2
RAN_DE_DW_200_SILVER,gold_infra,dim_supuesto_modelo,tema,varchar,NO,3
RAN_DE_DW_200_SILVER,gold_infra,dim_supuesto_modelo,fuente_o_proxy,varchar,YES,4
RAN_DE_DW_200_SILVER,gold_infra,dim_supuesto_modelo,tipo,varchar,YES,5
RAN_DE_DW_200_SILVER,gold_infra,dim_supuesto_modelo,descripcion,varchar,YES,6
RAN_DE_DW_200_SILVER,gold_infra,dim_supuesto_modelo,es_vigente,smallint,YES,7
RAN_DE_DW_200_SILVER,gold_infra,dim_supuesto_modelo,vigente_desde,datetime2,YES,8
RAN_DE_DW_200_SILVER,gold_infra,dim_supuesto_modelo,vigente_hasta,datetime2,YES,9
RAN_DE_DW_200_SILVER,gold_infra,dim_supuesto_modelo,dominio_modelo_visible,varchar,YES,10
RAN_DE_DW_200_SILVER,gold_infra,fact_impacto,sic,int,NO,1
RAN_DE_DW_200_SILVER,gold_infra,fact_impacto,codigo_regla,int,NO,2
RAN_DE_DW_200_SILVER,gold_infra,fact_impacto,bloque,int,YES,3
RAN_DE_DW_200_SILVER,gold_infra,fact_impacto,id_risc,int,YES,4
RAN_DE_DW_200_SILVER,gold_infra,fact_impacto,nom_app,varchar,YES,5
RAN_DE_DW_200_SILVER,gold_infra,fact_impacto,valor_fuente,varchar,YES,6
RAN_DE_DW_200_SILVER,gold_infra,fact_impacto,nivel_num,smallint,YES,7
RAN_DE_DW_200_SILVER,gold_infra,fact_impacto,nivel_texto,varchar,YES,8
RAN_DE_DW_200_SILVER,gold_infra,fact_impacto,tipo_valor,varchar,YES,9
RAN_DE_DW_200_SILVER,gold_infra,fact_impacto,c_nd,smallint,YES,10
RAN_DE_DW_200_SILVER,gold_infra,fact_impacto,i_nd,smallint,YES,11
RAN_DE_DW_200_SILVER,gold_infra,fact_impacto,d_nd,smallint,YES,12
RAN_DE_DW_200_SILVER,gold_infra,fact_impacto,a_nd,smallint,YES,13
RAN_DE_DW_200_SILVER,gold_infra,fact_impacto,t_nd,smallint,YES,14
RAN_DE_DW_200_SILVER,gold_infra,fact_impacto,estado,varchar,YES,15
RAN_DE_DW_200_SILVER,gold_infra,fact_impacto,supuesto_nota,varchar,YES,16
RAN_DE_DW_200_SILVER,gold_infra,fact_impacto,run_id,varchar,YES,17
RAN_DE_DW_200_SILVER,gold_infra,fact_impacto,version_modelo,varchar,YES,18
RAN_DE_DW_200_SILVER,gold_infra,fact_impacto,fecha_calculo,datetime2,YES,19
RAN_DE_DW_200_SILVER,gold_infra,fact_impacto,usa_default,smallint,YES,20
RAN_DE_DW_200_SILVER,gold_infra,fact_impacto,peso_regla,decimal,YES,21
RAN_DE_DW_200_SILVER,gold_infra,fact_impacto_bloque,sic,int,NO,1
RAN_DE_DW_200_SILVER,gold_infra,fact_impacto_bloque,bloque,int,NO,2
RAN_DE_DW_200_SILVER,gold_infra,fact_impacto_bloque,id_risc,int,YES,3
RAN_DE_DW_200_SILVER,gold_infra,fact_impacto_bloque,nom_app,varchar,YES,4
RAN_DE_DW_200_SILVER,gold_infra,fact_impacto_bloque,promedio_impacto,decimal,YES,5
RAN_DE_DW_200_SILVER,gold_infra,fact_impacto_bloque,reglas,int,YES,6
RAN_DE_DW_200_SILVER,gold_infra,fact_impacto_bloque,reales,int,YES,7
RAN_DE_DW_200_SILVER,gold_infra,fact_impacto_bloque,proxies,int,YES,8
RAN_DE_DW_200_SILVER,gold_infra,fact_impacto_bloque,pendientes,int,YES,9
RAN_DE_DW_200_SILVER,gold_infra,fact_impacto_bloque,no_disponibles,int,YES,10
RAN_DE_DW_200_SILVER,gold_infra,fact_impacto_bloque,nivel_bloque_num,smallint,YES,11
RAN_DE_DW_200_SILVER,gold_infra,fact_impacto_bloque,nivel_bloque_texto,varchar,YES,12
RAN_DE_DW_200_SILVER,gold_infra,fact_impacto_bloque,run_id,varchar,YES,13
RAN_DE_DW_200_SILVER,gold_infra,fact_impacto_bloque,version_modelo,varchar,YES,14
RAN_DE_DW_200_SILVER,gold_infra,fact_impacto_bloque,fecha_calculo,datetime2,YES,15
RAN_DE_DW_200_SILVER,gold_infra,fact_impacto_sig,sic,int,NO,1
RAN_DE_DW_200_SILVER,gold_infra,fact_impacto_sig,nom_app,varchar,YES,2
RAN_DE_DW_200_SILVER,gold_infra,fact_impacto_sig,promedio_impacto,decimal,YES,3
RAN_DE_DW_200_SILVER,gold_infra,fact_impacto_sig,riesgos,int,YES,4
RAN_DE_DW_200_SILVER,gold_infra,fact_impacto_sig,reales,int,YES,5
RAN_DE_DW_200_SILVER,gold_infra,fact_impacto_sig,proxies,int,YES,6
RAN_DE_DW_200_SILVER,gold_infra,fact_impacto_sig,pendientes,int,YES,7
RAN_DE_DW_200_SILVER,gold_infra,fact_impacto_sig,no_disponibles,int,YES,8
RAN_DE_DW_200_SILVER,gold_infra,fact_impacto_sig,nivel_final_num,smallint,YES,9
RAN_DE_DW_200_SILVER,gold_infra,fact_impacto_sig,nivel_final_texto,varchar,YES,10
RAN_DE_DW_200_SILVER,gold_infra,fact_impacto_sig,run_id,varchar,YES,11
RAN_DE_DW_200_SILVER,gold_infra,fact_impacto_sig,version_modelo,varchar,YES,12
RAN_DE_DW_200_SILVER,gold_infra,fact_impacto_sig,fecha_calculo,datetime2,YES,13
RAN_DE_DW_200_SILVER,gold_infra,fact_probabilidad,sic,int,NO,1
RAN_DE_DW_200_SILVER,gold_infra,fact_probabilidad,codigo_regla,int,NO,2
RAN_DE_DW_200_SILVER,gold_infra,fact_probabilidad,bloque,int,YES,3
RAN_DE_DW_200_SILVER,gold_infra,fact_probabilidad,id_risc,int,YES,4
RAN_DE_DW_200_SILVER,gold_infra,fact_probabilidad,nom_app,varchar,YES,5
RAN_DE_DW_200_SILVER,gold_infra,fact_probabilidad,valor,decimal,YES,6
RAN_DE_DW_200_SILVER,gold_infra,fact_probabilidad,nivel_num,smallint,YES,7
RAN_DE_DW_200_SILVER,gold_infra,fact_probabilidad,nivel_texto,varchar,YES,8
RAN_DE_DW_200_SILVER,gold_infra,fact_probabilidad,tipo_valor,varchar,YES,9
RAN_DE_DW_200_SILVER,gold_infra,fact_probabilidad,run_id,varchar,YES,10
RAN_DE_DW_200_SILVER,gold_infra,fact_probabilidad,version_modelo,varchar,YES,11
RAN_DE_DW_200_SILVER,gold_infra,fact_probabilidad,fecha_calculo,datetime2,YES,12
RAN_DE_DW_200_SILVER,gold_infra,fact_probabilidad,usa_default,smallint,YES,13
RAN_DE_DW_200_SILVER,gold_infra,fact_probabilidad,peso_regla,decimal,YES,14
RAN_DE_DW_200_SILVER,gold_infra,fact_probabilidad_bloque,sic,int,NO,1
RAN_DE_DW_200_SILVER,gold_infra,fact_probabilidad_bloque,bloque,int,NO,2
RAN_DE_DW_200_SILVER,gold_infra,fact_probabilidad_bloque,id_risc,int,YES,3
RAN_DE_DW_200_SILVER,gold_infra,fact_probabilidad_bloque,nom_app,varchar,YES,4
RAN_DE_DW_200_SILVER,gold_infra,fact_probabilidad_bloque,promedio_valor,decimal,YES,5
RAN_DE_DW_200_SILVER,gold_infra,fact_probabilidad_bloque,reglas,int,YES,6
RAN_DE_DW_200_SILVER,gold_infra,fact_probabilidad_bloque,reales,int,YES,7
RAN_DE_DW_200_SILVER,gold_infra,fact_probabilidad_bloque,proxies,int,YES,8
RAN_DE_DW_200_SILVER,gold_infra,fact_probabilidad_bloque,defaults_cnt,int,YES,9
RAN_DE_DW_200_SILVER,gold_infra,fact_probabilidad_bloque,constantes,int,YES,10
RAN_DE_DW_200_SILVER,gold_infra,fact_probabilidad_bloque,nivel_bloque_num,smallint,YES,11
RAN_DE_DW_200_SILVER,gold_infra,fact_probabilidad_bloque,nivel_bloque_texto,varchar,YES,12
RAN_DE_DW_200_SILVER,gold_infra,fact_probabilidad_bloque,run_id,varchar,YES,13
RAN_DE_DW_200_SILVER,gold_infra,fact_probabilidad_bloque,version_modelo,varchar,YES,14
RAN_DE_DW_200_SILVER,gold_infra,fact_probabilidad_bloque,fecha_calculo,datetime2,YES,15
RAN_DE_DW_200_SILVER,gold_infra,fact_probabilidad_sig,sic,int,NO,1
RAN_DE_DW_200_SILVER,gold_infra,fact_probabilidad_sig,nom_app,varchar,YES,2
RAN_DE_DW_200_SILVER,gold_infra,fact_probabilidad_sig,promedio_probabilidad,decimal,YES,3
RAN_DE_DW_200_SILVER,gold_infra,fact_probabilidad_sig,reglas,int,YES,4
RAN_DE_DW_200_SILVER,gold_infra,fact_probabilidad_sig,reales,int,YES,5
RAN_DE_DW_200_SILVER,gold_infra,fact_probabilidad_sig,proxies,int,YES,6
RAN_DE_DW_200_SILVER,gold_infra,fact_probabilidad_sig,defaults_cnt,int,YES,7
RAN_DE_DW_200_SILVER,gold_infra,fact_probabilidad_sig,constantes,int,YES,8
RAN_DE_DW_200_SILVER,gold_infra,fact_probabilidad_sig,nivel_final_num,smallint,YES,9
RAN_DE_DW_200_SILVER,gold_infra,fact_probabilidad_sig,nivel_final_texto,varchar,YES,10
RAN_DE_DW_200_SILVER,gold_infra,fact_probabilidad_sig,run_id,varchar,YES,11
RAN_DE_DW_200_SILVER,gold_infra,fact_probabilidad_sig,version_modelo,varchar,YES,12
RAN_DE_DW_200_SILVER,gold_infra,fact_probabilidad_sig,fecha_calculo,datetime2,YES,13
RAN_DE_DW_200_SILVER,gold_infra,fact_riesgo,sic,int,NO,1
RAN_DE_DW_200_SILVER,gold_infra,fact_riesgo,bloque,int,NO,2
RAN_DE_DW_200_SILVER,gold_infra,fact_riesgo,id_risc,int,YES,3
RAN_DE_DW_200_SILVER,gold_infra,fact_riesgo,nom_app,varchar,YES,4
RAN_DE_DW_200_SILVER,gold_infra,fact_riesgo,probabilidad_raw,decimal,YES,5
RAN_DE_DW_200_SILVER,gold_infra,fact_riesgo,probabilidad_final_num,smallint,YES,6
RAN_DE_DW_200_SILVER,gold_infra,fact_riesgo,probabilidad_final_texto,varchar,YES,7
RAN_DE_DW_200_SILVER,gold_infra,fact_riesgo,impacto_raw,decimal,YES,8
RAN_DE_DW_200_SILVER,gold_infra,fact_riesgo,impacto_final_num,smallint,YES,9
RAN_DE_DW_200_SILVER,gold_infra,fact_riesgo,impacto_final_texto,varchar,YES,10
RAN_DE_DW_200_SILVER,gold_infra,fact_riesgo,riesgo_raw,decimal,YES,11
RAN_DE_DW_200_SILVER,gold_infra,fact_riesgo,riesgo_final_num,smallint,YES,12
RAN_DE_DW_200_SILVER,gold_infra,fact_riesgo,riesgo_final_texto,varchar,YES,13
RAN_DE_DW_200_SILVER,gold_infra,fact_riesgo,metodo_calculo,varchar,YES,14
RAN_DE_DW_200_SILVER,gold_infra,fact_riesgo,run_id,varchar,YES,15
RAN_DE_DW_200_SILVER,gold_infra,fact_riesgo,version_modelo,varchar,YES,16
RAN_DE_DW_200_SILVER,gold_infra,fact_riesgo,fecha_calculo,datetime2,YES,17
RAN_DE_DW_200_SILVER,gold_infra,fact_riesgo,codigo_departamento,varchar,YES,18
RAN_DE_DW_200_SILVER,gold_infra,vw_impacto_matriz_reglas_por_sig,sic,int,NO,1
RAN_DE_DW_200_SILVER,gold_infra,vw_impacto_matriz_reglas_por_sig,nom_app,varchar,YES,2
RAN_DE_DW_200_SILVER,gold_infra,vw_impacto_matriz_reglas_por_sig,101,smallint,YES,3
RAN_DE_DW_200_SILVER,gold_infra,vw_impacto_matriz_reglas_por_sig,102,smallint,YES,4
RAN_DE_DW_200_SILVER,gold_infra,vw_impacto_matriz_reglas_por_sig,103,smallint,YES,5
RAN_DE_DW_200_SILVER,gold_infra,vw_impacto_matriz_reglas_por_sig,104,smallint,YES,6
RAN_DE_DW_200_SILVER,gold_infra,vw_impacto_matriz_reglas_por_sig,105,smallint,YES,7
RAN_DE_DW_200_SILVER,gold_infra,vw_impacto_matriz_reglas_por_sig,201,smallint,YES,8
RAN_DE_DW_200_SILVER,gold_infra,vw_impacto_matriz_reglas_por_sig,202,smallint,YES,9
RAN_DE_DW_200_SILVER,gold_infra,vw_impacto_matriz_reglas_por_sig,203,smallint,YES,10
RAN_DE_DW_200_SILVER,gold_infra,vw_impacto_matriz_reglas_por_sig,204,smallint,YES,11
RAN_DE_DW_200_SILVER,gold_infra,vw_impacto_matriz_reglas_por_sig,205,smallint,YES,12
RAN_DE_DW_200_SILVER,gold_infra,vw_impacto_matriz_reglas_por_sig,301,smallint,YES,13
RAN_DE_DW_200_SILVER,gold_infra,vw_impacto_matriz_reglas_por_sig,401,smallint,YES,14
RAN_DE_DW_200_SILVER,gold_infra,vw_impacto_matriz_reglas_por_sig,402,smallint,YES,15
RAN_DE_DW_200_SILVER,gold_infra,vw_probabilidad_matriz_reglas_por_sig,sic,int,NO,1
RAN_DE_DW_200_SILVER,gold_infra,vw_probabilidad_matriz_reglas_por_sig,nom_app,varchar,YES,2
RAN_DE_DW_200_SILVER,gold_infra,vw_probabilidad_matriz_reglas_por_sig,1001,smallint,YES,3
RAN_DE_DW_200_SILVER,gold_infra,vw_probabilidad_matriz_reglas_por_sig,1002,smallint,YES,4
RAN_DE_DW_200_SILVER,gold_infra,vw_probabilidad_matriz_reglas_por_sig,1003,smallint,YES,5
RAN_DE_DW_200_SILVER,gold_infra,vw_probabilidad_matriz_reglas_por_sig,1004,smallint,YES,6
RAN_DE_DW_200_SILVER,gold_infra,vw_probabilidad_matriz_reglas_por_sig,1005,smallint,YES,7
RAN_DE_DW_200_SILVER,gold_infra,vw_probabilidad_matriz_reglas_por_sig,1006,smallint,YES,8
RAN_DE_DW_200_SILVER,gold_infra,vw_probabilidad_matriz_reglas_por_sig,2001,smallint,YES,9
RAN_DE_DW_200_SILVER,gold_infra,vw_probabilidad_matriz_reglas_por_sig,2002,smallint,YES,10
RAN_DE_DW_200_SILVER,gold_infra,vw_probabilidad_matriz_reglas_por_sig,2003,smallint,YES,11
RAN_DE_DW_200_SILVER,gold_infra,vw_probabilidad_matriz_reglas_por_sig,2004,smallint,YES,12
RAN_DE_DW_200_SILVER,gold_infra,vw_probabilidad_matriz_reglas_por_sig,2005,smallint,YES,13
RAN_DE_DW_200_SILVER,gold_infra,vw_probabilidad_matriz_reglas_por_sig,2006,smallint,YES,14
RAN_DE_DW_200_SILVER,gold_infra,vw_probabilidad_matriz_reglas_por_sig,2007,smallint,YES,15
RAN_DE_DW_200_SILVER,gold_infra,vw_probabilidad_matriz_reglas_por_sig,2008,smallint,YES,16
RAN_DE_DW_200_SILVER,gold_infra,vw_probabilidad_matriz_reglas_por_sig,2009,smallint,YES,17
RAN_DE_DW_200_SILVER,gold_infra,vw_probabilidad_matriz_reglas_por_sig,2010,smallint,YES,18
RAN_DE_DW_200_SILVER,gold_infra,vw_probabilidad_matriz_reglas_por_sig,2011,smallint,YES,19
RAN_DE_DW_200_SILVER,gold_infra,vw_probabilidad_matriz_reglas_por_sig,3001,smallint,YES,20
RAN_DE_DW_200_SILVER,gold_infra,vw_probabilidad_matriz_reglas_por_sig,3002,smallint,YES,21
RAN_DE_DW_200_SILVER,gold_infra,vw_probabilidad_matriz_reglas_por_sig,3003,smallint,YES,22
RAN_DE_DW_200_SILVER,gold_infra,vw_probabilidad_matriz_reglas_por_sig,3004,smallint,YES,23
RAN_DE_DW_200_SILVER,gold_infra,vw_probabilidad_matriz_reglas_por_sig,3005,smallint,YES,24
RAN_DE_DW_200_SILVER,gold_infra,vw_probabilidad_matriz_reglas_por_sig,3006,smallint,YES,25
RAN_DE_DW_200_SILVER,gold_infra,vw_probabilidad_matriz_reglas_por_sig,3007,smallint,YES,26
RAN_DE_DW_200_SILVER,gold_infra,vw_probabilidad_matriz_reglas_por_sig,3008,smallint,YES,27
RAN_DE_DW_200_SILVER,gold_infra,vw_probabilidad_matriz_reglas_por_sig,3009,smallint,YES,28
RAN_DE_DW_200_SILVER,gold_infra,vw_probabilidad_matriz_reglas_por_sig,3010,smallint,YES,29
RAN_DE_DW_200_SILVER,gold_infra,vw_probabilidad_matriz_reglas_por_sig,3011,smallint,YES,30
RAN_DE_DW_200_SILVER,gold_infra,vw_probabilidad_matriz_reglas_por_sig,3012,smallint,YES,31
RAN_DE_DW_200_SILVER,gold_infra,vw_probabilidad_matriz_reglas_por_sig,4001,smallint,YES,32
RAN_DE_DW_200_SILVER,gold_infra,vw_probabilidad_matriz_reglas_por_sig,4002,smallint,YES,33
RAN_DE_DW_200_SILVER,gold_infra,vw_probabilidad_matriz_reglas_por_sig,4003,smallint,YES,34
RAN_DE_DW_200_SILVER,gold_infra,vw_probabilidad_matriz_reglas_por_sig,4004,smallint,YES,35
RAN_DE_DW_200_SILVER,gold_infra,vw_probabilidad_matriz_reglas_por_sig,4005,smallint,YES,36
RAN_DE_DW_200_SILVER,gold_infra,vw_probabilidad_matriz_reglas_por_sig,4006,smallint,YES,37
RAN_DE_DW_200_SILVER,gold_infra,vw_riesgo_resumen,sic,int,NO,1
RAN_DE_DW_200_SILVER,gold_infra,vw_riesgo_resumen,nom_app,varchar,YES,2
RAN_DE_DW_200_SILVER,gold_infra,vw_riesgo_resumen,bloque,int,NO,3
RAN_DE_DW_200_SILVER,gold_infra,vw_riesgo_resumen,id_risc,int,YES,4
RAN_DE_DW_200_SILVER,gold_infra,vw_riesgo_resumen,probabilidad_raw,decimal,YES,5
RAN_DE_DW_200_SILVER,gold_infra,vw_riesgo_resumen,probabilidad_final_num,smallint,YES,6
RAN_DE_DW_200_SILVER,gold_infra,vw_riesgo_resumen,probabilidad_final_texto,varchar,YES,7
RAN_DE_DW_200_SILVER,gold_infra,vw_riesgo_resumen,impacto_raw,decimal,YES,8
RAN_DE_DW_200_SILVER,gold_infra,vw_riesgo_resumen,impacto_final_num,smallint,YES,9
RAN_DE_DW_200_SILVER,gold_infra,vw_riesgo_resumen,impacto_final_texto,varchar,YES,10
RAN_DE_DW_200_SILVER,gold_infra,vw_riesgo_resumen,riesgo_raw,decimal,YES,11
RAN_DE_DW_200_SILVER,gold_infra,vw_riesgo_resumen,riesgo_final_num,smallint,YES,12
RAN_DE_DW_200_SILVER,gold_infra,vw_riesgo_resumen,riesgo_final_texto,varchar,YES,13
RAN_DE_DW_200_SILVER,gold_infra,vw_riesgo_resumen,run_id,varchar,YES,14
RAN_DE_DW_200_SILVER,gold_infra,vw_riesgo_resumen,version_modelo,varchar,YES,15
RAN_DE_DW_200_SILVER,gold_infra,vw_riesgo_resumen,fecha_calculo,datetime2,YES,16
RAN_DE_DW_200_SILVER,gold_lldt,dim_departamento_scope,department_fk,bigint,YES,1
RAN_DE_DW_200_SILVER,gold_lldt,dim_departamento_scope,codigo_departamento,varchar,NO,2
RAN_DE_DW_200_SILVER,gold_lldt,dim_departamento_scope,nombre_departamento,varchar,YES,3
RAN_DE_DW_200_SILVER,gold_lldt,dim_departamento_scope,service_block,varchar,YES,4
RAN_DE_DW_200_SILVER,gold_lldt,dim_departamento_scope,service_provider,varchar,YES,5
RAN_DE_DW_200_SILVER,gold_lldt,dim_departamento_scope,service_lot,varchar,YES,6
RAN_DE_DW_200_SILVER,gold_lldt,dim_departamento_scope,is_defined_provider,bit,YES,7
RAN_DE_DW_200_SILVER,gold_lldt,dim_departamento_scope,fecha_carga,datetime2,YES,8
RAN_DE_DW_200_SILVER,gold_lldt,dim_regla,dominio_modelo,varchar,NO,1
RAN_DE_DW_200_SILVER,gold_lldt,dim_regla,codigo_regla,int,NO,2
RAN_DE_DW_200_SILVER,gold_lldt,dim_regla,bloque,int,NO,3
RAN_DE_DW_200_SILVER,gold_lldt,dim_regla,id_risc,int,NO,4
RAN_DE_DW_200_SILVER,gold_lldt,dim_regla,risc,varchar,YES,5
RAN_DE_DW_200_SILVER,gold_lldt,dim_regla,regla_nombre,varchar,YES,6
RAN_DE_DW_200_SILVER,gold_lldt,dim_regla,descripcion_funcional_255,varchar,YES,7
RAN_DE_DW_200_SILVER,gold_lldt,dim_regla,fuente_principal,varchar,YES,8
RAN_DE_DW_200_SILVER,gold_lldt,dim_regla,tipo_origen,varchar,YES,9
RAN_DE_DW_200_SILVER,gold_lldt,dim_regla,regla_baix,varchar,YES,10
RAN_DE_DW_200_SILVER,gold_lldt,dim_regla,regla_mig,varchar,YES,11
RAN_DE_DW_200_SILVER,gold_lldt,dim_regla,regla_alt,varchar,YES,12
RAN_DE_DW_200_SILVER,gold_lldt,dim_regla,regla_molt_alt,varchar,YES,13
RAN_DE_DW_200_SILVER,gold_lldt,dim_regla,tiene_default_configurado,smallint,YES,14
RAN_DE_DW_200_SILVER,gold_lldt,dim_regla,peso_regla,decimal,YES,15
RAN_DE_DW_200_SILVER,gold_lldt,dim_regla,default_nivel_num,smallint,YES,16
RAN_DE_DW_200_SILVER,gold_lldt,dim_regla,default_nivel_texto,varchar,YES,17
RAN_DE_DW_200_SILVER,gold_lldt,dim_regla,activa,smallint,YES,18
RAN_DE_DW_200_SILVER,gold_lldt,dim_regla,fecha_carga,datetime2,YES,19
RAN_DE_DW_200_SILVER,gold_lldt,dim_risc_filter,id_risc,int,NO,1
RAN_DE_DW_200_SILVER,gold_lldt,dim_risc_filter,risc,varchar,NO,2
RAN_DE_DW_200_SILVER,gold_lldt,dim_risc_filter,fecha_carga,datetime2,YES,3
RAN_DE_DW_200_SILVER,gold_lldt,dim_supuesto_modelo,dominio_modelo,varchar,NO,1
RAN_DE_DW_200_SILVER,gold_lldt,dim_supuesto_modelo,codigo_regla,int,YES,2
RAN_DE_DW_200_SILVER,gold_lldt,dim_supuesto_modelo,tema,varchar,NO,3
RAN_DE_DW_200_SILVER,gold_lldt,dim_supuesto_modelo,fuente_o_proxy,varchar,YES,4
RAN_DE_DW_200_SILVER,gold_lldt,dim_supuesto_modelo,tipo,varchar,YES,5
RAN_DE_DW_200_SILVER,gold_lldt,dim_supuesto_modelo,descripcion,varchar,YES,6
RAN_DE_DW_200_SILVER,gold_lldt,dim_supuesto_modelo,es_vigente,smallint,YES,7
RAN_DE_DW_200_SILVER,gold_lldt,dim_supuesto_modelo,vigente_desde,datetime2,YES,8
RAN_DE_DW_200_SILVER,gold_lldt,dim_supuesto_modelo,vigente_hasta,datetime2,YES,9
RAN_DE_DW_200_SILVER,gold_lldt,fact_impacto,department_fk,bigint,YES,1
RAN_DE_DW_200_SILVER,gold_lldt,fact_impacto,codigo_departamento,varchar,NO,2
RAN_DE_DW_200_SILVER,gold_lldt,fact_impacto,nombre_departamento,varchar,YES,3
RAN_DE_DW_200_SILVER,gold_lldt,fact_impacto,sic_emulado,int,YES,4
RAN_DE_DW_200_SILVER,gold_lldt,fact_impacto,nom_app,varchar,YES,5
RAN_DE_DW_200_SILVER,gold_lldt,fact_impacto,bloque,int,NO,6
RAN_DE_DW_200_SILVER,gold_lldt,fact_impacto,id_risc,int,NO,7
RAN_DE_DW_200_SILVER,gold_lldt,fact_impacto,codigo_regla,int,NO,8
RAN_DE_DW_200_SILVER,gold_lldt,fact_impacto,regla_nombre,varchar,YES,9
RAN_DE_DW_200_SILVER,gold_lldt,fact_impacto,nivel_num,smallint,YES,10
RAN_DE_DW_200_SILVER,gold_lldt,fact_impacto,nivel_texto,varchar,YES,11
RAN_DE_DW_200_SILVER,gold_lldt,fact_impacto,tipo_valor,varchar,YES,12
RAN_DE_DW_200_SILVER,gold_lldt,fact_impacto,usa_default,smallint,YES,13
RAN_DE_DW_200_SILVER,gold_lldt,fact_impacto,peso_regla,decimal,YES,14
RAN_DE_DW_200_SILVER,gold_lldt,fact_impacto,supuesto_nota,varchar,YES,15
RAN_DE_DW_200_SILVER,gold_lldt,fact_impacto,run_id,varchar,YES,16
RAN_DE_DW_200_SILVER,gold_lldt,fact_impacto,version_modelo,varchar,YES,17
RAN_DE_DW_200_SILVER,gold_lldt,fact_impacto,fecha_calculo,datetime2,YES,18
RAN_DE_DW_200_SILVER,gold_lldt,fact_impacto_bloque,department_fk,bigint,YES,1
RAN_DE_DW_200_SILVER,gold_lldt,fact_impacto_bloque,codigo_departamento,varchar,NO,2
RAN_DE_DW_200_SILVER,gold_lldt,fact_impacto_bloque,nombre_departamento,varchar,YES,3
RAN_DE_DW_200_SILVER,gold_lldt,fact_impacto_bloque,bloque,int,NO,4
RAN_DE_DW_200_SILVER,gold_lldt,fact_impacto_bloque,id_risc,int,NO,5
RAN_DE_DW_200_SILVER,gold_lldt,fact_impacto_bloque,impacto_origen_id,int,NO,6
RAN_DE_DW_200_SILVER,gold_lldt,fact_impacto_bloque,impacto_origen_tipo,varchar,NO,7
RAN_DE_DW_200_SILVER,gold_lldt,fact_impacto_bloque,impacto_raw,decimal,YES,8
RAN_DE_DW_200_SILVER,gold_lldt,fact_impacto_bloque,impacto_final_num,smallint,YES,9
RAN_DE_DW_200_SILVER,gold_lldt,fact_impacto_bloque,impacto_final_texto,varchar,YES,10
RAN_DE_DW_200_SILVER,gold_lldt,fact_impacto_bloque,tipo_valor,varchar,YES,11
RAN_DE_DW_200_SILVER,gold_lldt,fact_impacto_bloque,supuesto_nota,varchar,YES,12
RAN_DE_DW_200_SILVER,gold_lldt,fact_impacto_bloque,run_id,varchar,YES,13
RAN_DE_DW_200_SILVER,gold_lldt,fact_impacto_bloque,version_modelo,varchar,YES,14
RAN_DE_DW_200_SILVER,gold_lldt,fact_impacto_bloque,fecha_calculo,datetime2,YES,15
RAN_DE_DW_200_SILVER,gold_lldt,fact_probabilidad,department_fk,bigint,YES,1
RAN_DE_DW_200_SILVER,gold_lldt,fact_probabilidad,codigo_departamento,varchar,NO,2
RAN_DE_DW_200_SILVER,gold_lldt,fact_probabilidad,nombre_departamento,varchar,YES,3
RAN_DE_DW_200_SILVER,gold_lldt,fact_probabilidad,codigo_regla,int,NO,4
RAN_DE_DW_200_SILVER,gold_lldt,fact_probabilidad,bloque,int,NO,5
RAN_DE_DW_200_SILVER,gold_lldt,fact_probabilidad,id_risc,int,NO,6
RAN_DE_DW_200_SILVER,gold_lldt,fact_probabilidad,regla_nombre,varchar,YES,7
RAN_DE_DW_200_SILVER,gold_lldt,fact_probabilidad,valor_pct,decimal,YES,8
RAN_DE_DW_200_SILVER,gold_lldt,fact_probabilidad,nivel_num,smallint,YES,9
RAN_DE_DW_200_SILVER,gold_lldt,fact_probabilidad,nivel_texto,varchar,YES,10
RAN_DE_DW_200_SILVER,gold_lldt,fact_probabilidad,tipo_valor,varchar,YES,11
RAN_DE_DW_200_SILVER,gold_lldt,fact_probabilidad,usa_default,smallint,YES,12
RAN_DE_DW_200_SILVER,gold_lldt,fact_probabilidad,peso_regla,decimal,YES,13
RAN_DE_DW_200_SILVER,gold_lldt,fact_probabilidad,fuente_principal,varchar,YES,14
RAN_DE_DW_200_SILVER,gold_lldt,fact_probabilidad,supuesto_nota,varchar,YES,15
RAN_DE_DW_200_SILVER,gold_lldt,fact_probabilidad,run_id,varchar,YES,16
RAN_DE_DW_200_SILVER,gold_lldt,fact_probabilidad,version_modelo,varchar,YES,17
RAN_DE_DW_200_SILVER,gold_lldt,fact_probabilidad,fecha_calculo,datetime2,YES,18
RAN_DE_DW_200_SILVER,gold_lldt,fact_probabilidad_bloque,department_fk,bigint,YES,1
RAN_DE_DW_200_SILVER,gold_lldt,fact_probabilidad_bloque,codigo_departamento,varchar,NO,2
RAN_DE_DW_200_SILVER,gold_lldt,fact_probabilidad_bloque,nombre_departamento,varchar,YES,3
RAN_DE_DW_200_SILVER,gold_lldt,fact_probabilidad_bloque,bloque_probabilidad,int,NO,4
RAN_DE_DW_200_SILVER,gold_lldt,fact_probabilidad_bloque,id_risc,int,NO,5
RAN_DE_DW_200_SILVER,gold_lldt,fact_probabilidad_bloque,promedio_probabilidad,decimal,YES,6
RAN_DE_DW_200_SILVER,gold_lldt,fact_probabilidad_bloque,reglas,int,YES,7
RAN_DE_DW_200_SILVER,gold_lldt,fact_probabilidad_bloque,reales,int,YES,8
RAN_DE_DW_200_SILVER,gold_lldt,fact_probabilidad_bloque,proxies,int,YES,9
RAN_DE_DW_200_SILVER,gold_lldt,fact_probabilidad_bloque,defaults_cnt,int,YES,10
RAN_DE_DW_200_SILVER,gold_lldt,fact_probabilidad_bloque,constantes,int,YES,11
RAN_DE_DW_200_SILVER,gold_lldt,fact_probabilidad_bloque,nivel_bloque_num,smallint,YES,12
RAN_DE_DW_200_SILVER,gold_lldt,fact_probabilidad_bloque,nivel_bloque_texto,varchar,YES,13
RAN_DE_DW_200_SILVER,gold_lldt,fact_probabilidad_bloque,run_id,varchar,YES,14
RAN_DE_DW_200_SILVER,gold_lldt,fact_probabilidad_bloque,version_modelo,varchar,YES,15
RAN_DE_DW_200_SILVER,gold_lldt,fact_probabilidad_bloque,fecha_calculo,datetime2,YES,16
RAN_DE_DW_200_SILVER,gold_lldt,fact_riesgo,department_fk,bigint,YES,1
RAN_DE_DW_200_SILVER,gold_lldt,fact_riesgo,codigo_departamento,varchar,NO,2
RAN_DE_DW_200_SILVER,gold_lldt,fact_riesgo,nombre_departamento,varchar,YES,3
RAN_DE_DW_200_SILVER,gold_lldt,fact_riesgo,bloque,int,NO,4
RAN_DE_DW_200_SILVER,gold_lldt,fact_riesgo,id_risc,int,NO,5
RAN_DE_DW_200_SILVER,gold_lldt,fact_riesgo,impacto_origen_id,int,NO,6
RAN_DE_DW_200_SILVER,gold_lldt,fact_riesgo,impacto_origen_tipo,varchar,NO,7
RAN_DE_DW_200_SILVER,gold_lldt,fact_riesgo,probabilidad_raw,decimal,YES,8
RAN_DE_DW_200_SILVER,gold_lldt,fact_riesgo,probabilidad_final_num,smallint,YES,9
RAN_DE_DW_200_SILVER,gold_lldt,fact_riesgo,probabilidad_final_texto,varchar,YES,10
RAN_DE_DW_200_SILVER,gold_lldt,fact_riesgo,impacto_raw,decimal,YES,11
RAN_DE_DW_200_SILVER,gold_lldt,fact_riesgo,impacto_final_num,smallint,YES,12
RAN_DE_DW_200_SILVER,gold_lldt,fact_riesgo,impacto_final_texto,varchar,YES,13
RAN_DE_DW_200_SILVER,gold_lldt,fact_riesgo,riesgo_raw,decimal,YES,14
RAN_DE_DW_200_SILVER,gold_lldt,fact_riesgo,riesgo_final_num,smallint,YES,15
RAN_DE_DW_200_SILVER,gold_lldt,fact_riesgo,riesgo_final_texto,varchar,YES,16
RAN_DE_DW_200_SILVER,gold_lldt,fact_riesgo,metodo_calculo,varchar,YES,17
RAN_DE_DW_200_SILVER,gold_lldt,fact_riesgo,run_id,varchar,YES,18
RAN_DE_DW_200_SILVER,gold_lldt,fact_riesgo,version_modelo,varchar,YES,19
RAN_DE_DW_200_SILVER,gold_lldt,fact_riesgo,fecha_calculo,datetime2,YES,20
RAN_DE_DW_200_SILVER,gold_lldt,vw_probabilidad_resumen,codigo_departamento,varchar,NO,1
RAN_DE_DW_200_SILVER,gold_lldt,vw_probabilidad_resumen,nombre_departamento,varchar,YES,2
RAN_DE_DW_200_SILVER,gold_lldt,vw_probabilidad_resumen,id_risc,int,NO,3
RAN_DE_DW_200_SILVER,gold_lldt,vw_probabilidad_resumen,bloque_probabilidad,int,NO,4
RAN_DE_DW_200_SILVER,gold_lldt,vw_probabilidad_resumen,promedio_probabilidad,decimal,YES,5
RAN_DE_DW_200_SILVER,gold_lldt,vw_probabilidad_resumen,reglas,int,YES,6
RAN_DE_DW_200_SILVER,gold_lldt,vw_probabilidad_resumen,reales,int,YES,7
RAN_DE_DW_200_SILVER,gold_lldt,vw_probabilidad_resumen,proxies,int,YES,8
RAN_DE_DW_200_SILVER,gold_lldt,vw_probabilidad_resumen,defaults_cnt,int,YES,9
RAN_DE_DW_200_SILVER,gold_lldt,vw_probabilidad_resumen,constantes,int,YES,10
RAN_DE_DW_200_SILVER,gold_lldt,vw_probabilidad_resumen,nivel_bloque_num,smallint,YES,11
RAN_DE_DW_200_SILVER,gold_lldt,vw_probabilidad_resumen,nivel_bloque_texto,varchar,YES,12
RAN_DE_DW_200_SILVER,gold_lldt,vw_probabilidad_resumen,run_id,varchar,YES,13
RAN_DE_DW_200_SILVER,gold_lldt,vw_probabilidad_resumen,version_modelo,varchar,YES,14
RAN_DE_DW_200_SILVER,gold_lldt,vw_probabilidad_resumen,fecha_calculo,datetime2,YES,15
RAN_DE_DW_200_SILVER,gold_lldt,vw_riesgo_resumen,codigo_departamento,varchar,NO,1
RAN_DE_DW_200_SILVER,gold_lldt,vw_riesgo_resumen,nombre_departamento,varchar,YES,2
RAN_DE_DW_200_SILVER,gold_lldt,vw_riesgo_resumen,bloque,int,NO,3
RAN_DE_DW_200_SILVER,gold_lldt,vw_riesgo_resumen,id_risc,int,NO,4
RAN_DE_DW_200_SILVER,gold_lldt,vw_riesgo_resumen,probabilidad_final_num,smallint,YES,5
RAN_DE_DW_200_SILVER,gold_lldt,vw_riesgo_resumen,probabilidad_final_texto,varchar,YES,6
RAN_DE_DW_200_SILVER,gold_lldt,vw_riesgo_resumen,impacto_final_num,smallint,YES,7
RAN_DE_DW_200_SILVER,gold_lldt,vw_riesgo_resumen,impacto_final_texto,varchar,YES,8
RAN_DE_DW_200_SILVER,gold_lldt,vw_riesgo_resumen,riesgo_final_num,smallint,YES,9
RAN_DE_DW_200_SILVER,gold_lldt,vw_riesgo_resumen,riesgo_final_texto,varchar,YES,10
RAN_DE_DW_200_SILVER,gold_lldt,vw_riesgo_resumen,impacto_origen_id,int,NO,11
RAN_DE_DW_200_SILVER,gold_lldt,vw_riesgo_resumen,impacto_origen_tipo,varchar,NO,12
RAN_DE_DW_200_SILVER,gold_lldt,vw_riesgo_resumen,run_id,varchar,YES,13
RAN_DE_DW_200_SILVER,gold_lldt,vw_riesgo_resumen,version_modelo,varchar,YES,14
RAN_DE_DW_200_SILVER,gold_lldt,vw_riesgo_resumen,fecha_calculo,datetime2,YES,15
RAN_DE_DW_200_SILVER,gold_sic,bridge_risc_amenaca_filter,id_risc,int,NO,1
RAN_DE_DW_200_SILVER,gold_sic,bridge_risc_amenaca_filter,risc,varchar,NO,2
RAN_DE_DW_200_SILVER,gold_sic,bridge_risc_amenaca_filter,id_amenaca,varchar,NO,3
RAN_DE_DW_200_SILVER,gold_sic,bridge_risc_amenaca_filter,amenaca_acc,varchar,NO,4
RAN_DE_DW_200_SILVER,gold_sic,bridge_risc_amenaca_filter,fecha_carga,datetime2,YES,5
RAN_DE_DW_200_SILVER,gold_sic,dim_amenaca_filter,id_amenaca,varchar,NO,1
RAN_DE_DW_200_SILVER,gold_sic,dim_amenaca_filter,amenaca_acc,varchar,NO,2
RAN_DE_DW_200_SILVER,gold_sic,dim_amenaca_filter,fecha_carga,datetime2,YES,3
RAN_DE_DW_200_SILVER,gold_sic,dim_regla,dominio_modelo,varchar,NO,1
RAN_DE_DW_200_SILVER,gold_sic,dim_regla,codigo_regla,int,NO,2
RAN_DE_DW_200_SILVER,gold_sic,dim_regla,bloque,int,YES,3
RAN_DE_DW_200_SILVER,gold_sic,dim_regla,id_risc,int,YES,4
RAN_DE_DW_200_SILVER,gold_sic,dim_regla,risc,varchar,YES,5
RAN_DE_DW_200_SILVER,gold_sic,dim_regla,id_amenaca,varchar,YES,6
RAN_DE_DW_200_SILVER,gold_sic,dim_regla,amenaca_acc,varchar,YES,7
RAN_DE_DW_200_SILVER,gold_sic,dim_regla,id_font,varchar,YES,8
RAN_DE_DW_200_SILVER,gold_sic,dim_regla,font_integracio,varchar,YES,9
RAN_DE_DW_200_SILVER,gold_sic,dim_regla,camps,varchar,YES,10
RAN_DE_DW_200_SILVER,gold_sic,dim_regla,info_font,varchar,YES,11
RAN_DE_DW_200_SILVER,gold_sic,dim_regla,info_analitzada,varchar,YES,12
RAN_DE_DW_200_SILVER,gold_sic,dim_regla,cidat_degradation,varchar,YES,13
RAN_DE_DW_200_SILVER,gold_sic,dim_regla,regla_baix,varchar,YES,14
RAN_DE_DW_200_SILVER,gold_sic,dim_regla,regla_mig,varchar,YES,15
RAN_DE_DW_200_SILVER,gold_sic,dim_regla,regla_alt,varchar,YES,16
RAN_DE_DW_200_SILVER,gold_sic,dim_regla,regla_molt_alt,varchar,YES,17
RAN_DE_DW_200_SILVER,gold_sic,dim_regla,tipo_valor_default,varchar,YES,18
RAN_DE_DW_200_SILVER,gold_sic,dim_regla,activa,smallint,YES,19
RAN_DE_DW_200_SILVER,gold_sic,dim_regla,fecha_carga,datetime2,YES,20
RAN_DE_DW_200_SILVER,gold_sic,dim_regla,peso_regla,decimal,YES,21
RAN_DE_DW_200_SILVER,gold_sic,dim_regla,default_nivel_num,smallint,YES,22
RAN_DE_DW_200_SILVER,gold_sic,dim_regla,default_nivel_texto,varchar,YES,23
RAN_DE_DW_200_SILVER,gold_sic,dim_regla,tiene_default_configurado,smallint,YES,24
RAN_DE_DW_200_SILVER,gold_sic,dim_regla,dominio_modelo_visible,varchar,YES,25
RAN_DE_DW_200_SILVER,gold_sic,dim_risc_filter,id_risc,int,NO,1
RAN_DE_DW_200_SILVER,gold_sic,dim_risc_filter,risc,varchar,NO,2
RAN_DE_DW_200_SILVER,gold_sic,dim_risc_filter,fecha_carga,datetime2,YES,3
RAN_DE_DW_200_SILVER,gold_sic,dim_sig,sic,int,NO,1
RAN_DE_DW_200_SILVER,gold_sic,dim_sig,nom_app,varchar,YES,2
RAN_DE_DW_200_SILVER,gold_sic,dim_sig,num_usuarios_max,int,YES,3
RAN_DE_DW_200_SILVER,gold_sic,dim_sig,rto,varchar,YES,4
RAN_DE_DW_200_SILVER,gold_sic,dim_sig,rpo,varchar,YES,5
RAN_DE_DW_200_SILVER,gold_sic,dim_sig,key_seguretat,smallint,YES,6
RAN_DE_DW_200_SILVER,gold_sic,dim_sig,key_privacitat,smallint,YES,7
RAN_DE_DW_200_SILVER,gold_sic,dim_sig,key_visibilitat,smallint,YES,8
RAN_DE_DW_200_SILVER,gold_sic,dim_sig,key_disponibilitat,smallint,YES,9
RAN_DE_DW_200_SILVER,gold_sic,dim_sig,criticidad_negocio,smallint,YES,10
RAN_DE_DW_200_SILVER,gold_sic,dim_sig,confidencialitat,varchar,YES,11
RAN_DE_DW_200_SILVER,gold_sic,dim_sig,integritat,varchar,YES,12
RAN_DE_DW_200_SILVER,gold_sic,dim_sig,disponibilitat,varchar,YES,13
RAN_DE_DW_200_SILVER,gold_sic,dim_sig,autenticitat,varchar,YES,14
RAN_DE_DW_200_SILVER,gold_sic,dim_sig,tracabilitat,varchar,YES,15
RAN_DE_DW_200_SILVER,gold_sic,dim_sig,cidat_max_nivel,smallint,YES,16
RAN_DE_DW_200_SILVER,gold_sic,dim_sig,ens_nivel_sistema,smallint,YES,17
RAN_DE_DW_200_SILVER,gold_sic,dim_sig,fecha_carga,datetime2,YES,18
RAN_DE_DW_200_SILVER,gold_sic,dim_sig,codigo_departamento,varchar,YES,19
RAN_DE_DW_200_SILVER,gold_sic,dim_sig,cpd_codigo,varchar,YES,20
RAN_DE_DW_200_SILVER,gold_sic,dim_sig,cpd_lot_id,int,YES,21
RAN_DE_DW_200_SILVER,gold_sic,dim_supuesto_modelo,dominio_modelo,varchar,NO,1
RAN_DE_DW_200_SILVER,gold_sic,dim_supuesto_modelo,codigo_regla,int,YES,2
RAN_DE_DW_200_SILVER,gold_sic,dim_supuesto_modelo,tema,varchar,NO,3
RAN_DE_DW_200_SILVER,gold_sic,dim_supuesto_modelo,fuente_o_proxy,varchar,YES,4
RAN_DE_DW_200_SILVER,gold_sic,dim_supuesto_modelo,tipo,varchar,YES,5
RAN_DE_DW_200_SILVER,gold_sic,dim_supuesto_modelo,descripcion,varchar,YES,6
RAN_DE_DW_200_SILVER,gold_sic,dim_supuesto_modelo,es_vigente,smallint,YES,7
RAN_DE_DW_200_SILVER,gold_sic,dim_supuesto_modelo,vigente_desde,datetime2,YES,8
RAN_DE_DW_200_SILVER,gold_sic,dim_supuesto_modelo,vigente_hasta,datetime2,YES,9
RAN_DE_DW_200_SILVER,gold_sic,dim_supuesto_modelo,dominio_modelo_visible,varchar,YES,10
RAN_DE_DW_200_SILVER,gold_sic,fact_impacto,sic,int,NO,1
RAN_DE_DW_200_SILVER,gold_sic,fact_impacto,codigo_regla,int,NO,2
RAN_DE_DW_200_SILVER,gold_sic,fact_impacto,bloque,int,YES,3
RAN_DE_DW_200_SILVER,gold_sic,fact_impacto,id_risc,int,YES,4
RAN_DE_DW_200_SILVER,gold_sic,fact_impacto,nom_app,varchar,YES,5
RAN_DE_DW_200_SILVER,gold_sic,fact_impacto,valor_fuente,varchar,YES,6
RAN_DE_DW_200_SILVER,gold_sic,fact_impacto,nivel_num,smallint,YES,7
RAN_DE_DW_200_SILVER,gold_sic,fact_impacto,nivel_texto,varchar,YES,8
RAN_DE_DW_200_SILVER,gold_sic,fact_impacto,tipo_valor,varchar,YES,9
RAN_DE_DW_200_SILVER,gold_sic,fact_impacto,c_nd,smallint,YES,10
RAN_DE_DW_200_SILVER,gold_sic,fact_impacto,i_nd,smallint,YES,11
RAN_DE_DW_200_SILVER,gold_sic,fact_impacto,d_nd,smallint,YES,12
RAN_DE_DW_200_SILVER,gold_sic,fact_impacto,a_nd,smallint,YES,13
RAN_DE_DW_200_SILVER,gold_sic,fact_impacto,t_nd,smallint,YES,14
RAN_DE_DW_200_SILVER,gold_sic,fact_impacto,estado,varchar,YES,15
RAN_DE_DW_200_SILVER,gold_sic,fact_impacto,supuesto_nota,varchar,YES,16
RAN_DE_DW_200_SILVER,gold_sic,fact_impacto,run_id,varchar,YES,17
RAN_DE_DW_200_SILVER,gold_sic,fact_impacto,version_modelo,varchar,YES,18
RAN_DE_DW_200_SILVER,gold_sic,fact_impacto,fecha_calculo,datetime2,YES,19
RAN_DE_DW_200_SILVER,gold_sic,fact_impacto,usa_default,smallint,YES,20
RAN_DE_DW_200_SILVER,gold_sic,fact_impacto,peso_regla,decimal,YES,21
RAN_DE_DW_200_SILVER,gold_sic,fact_impacto_bloque,sic,int,NO,1
RAN_DE_DW_200_SILVER,gold_sic,fact_impacto_bloque,bloque,int,NO,2
RAN_DE_DW_200_SILVER,gold_sic,fact_impacto_bloque,id_risc,int,YES,3
RAN_DE_DW_200_SILVER,gold_sic,fact_impacto_bloque,nom_app,varchar,YES,4
RAN_DE_DW_200_SILVER,gold_sic,fact_impacto_bloque,promedio_impacto,decimal,YES,5
RAN_DE_DW_200_SILVER,gold_sic,fact_impacto_bloque,reglas,int,YES,6
RAN_DE_DW_200_SILVER,gold_sic,fact_impacto_bloque,reales,int,YES,7
RAN_DE_DW_200_SILVER,gold_sic,fact_impacto_bloque,proxies,int,YES,8
RAN_DE_DW_200_SILVER,gold_sic,fact_impacto_bloque,pendientes,int,YES,9
RAN_DE_DW_200_SILVER,gold_sic,fact_impacto_bloque,no_disponibles,int,YES,10
RAN_DE_DW_200_SILVER,gold_sic,fact_impacto_bloque,nivel_bloque_num,smallint,YES,11
RAN_DE_DW_200_SILVER,gold_sic,fact_impacto_bloque,nivel_bloque_texto,varchar,YES,12
RAN_DE_DW_200_SILVER,gold_sic,fact_impacto_bloque,run_id,varchar,YES,13
RAN_DE_DW_200_SILVER,gold_sic,fact_impacto_bloque,version_modelo,varchar,YES,14
RAN_DE_DW_200_SILVER,gold_sic,fact_impacto_bloque,fecha_calculo,datetime2,YES,15
RAN_DE_DW_200_SILVER,gold_sic,fact_impacto_sig,sic,int,NO,1
RAN_DE_DW_200_SILVER,gold_sic,fact_impacto_sig,nom_app,varchar,YES,2
RAN_DE_DW_200_SILVER,gold_sic,fact_impacto_sig,promedio_impacto,decimal,YES,3
RAN_DE_DW_200_SILVER,gold_sic,fact_impacto_sig,riesgos,int,YES,4
RAN_DE_DW_200_SILVER,gold_sic,fact_impacto_sig,reales,int,YES,5
RAN_DE_DW_200_SILVER,gold_sic,fact_impacto_sig,proxies,int,YES,6
RAN_DE_DW_200_SILVER,gold_sic,fact_impacto_sig,pendientes,int,YES,7
RAN_DE_DW_200_SILVER,gold_sic,fact_impacto_sig,no_disponibles,int,YES,8
RAN_DE_DW_200_SILVER,gold_sic,fact_impacto_sig,nivel_final_num,smallint,YES,9
RAN_DE_DW_200_SILVER,gold_sic,fact_impacto_sig,nivel_final_texto,varchar,YES,10
RAN_DE_DW_200_SILVER,gold_sic,fact_impacto_sig,run_id,varchar,YES,11
RAN_DE_DW_200_SILVER,gold_sic,fact_impacto_sig,version_modelo,varchar,YES,12
RAN_DE_DW_200_SILVER,gold_sic,fact_impacto_sig,fecha_calculo,datetime2,YES,13
RAN_DE_DW_200_SILVER,gold_sic,fact_probabilidad,sic,int,NO,1
RAN_DE_DW_200_SILVER,gold_sic,fact_probabilidad,codigo_regla,int,NO,2
RAN_DE_DW_200_SILVER,gold_sic,fact_probabilidad,bloque,int,YES,3
RAN_DE_DW_200_SILVER,gold_sic,fact_probabilidad,id_risc,int,YES,4
RAN_DE_DW_200_SILVER,gold_sic,fact_probabilidad,nom_app,varchar,YES,5
RAN_DE_DW_200_SILVER,gold_sic,fact_probabilidad,valor,decimal,YES,6
RAN_DE_DW_200_SILVER,gold_sic,fact_probabilidad,nivel_num,smallint,YES,7
RAN_DE_DW_200_SILVER,gold_sic,fact_probabilidad,nivel_texto,varchar,YES,8
RAN_DE_DW_200_SILVER,gold_sic,fact_probabilidad,tipo_valor,varchar,YES,9
RAN_DE_DW_200_SILVER,gold_sic,fact_probabilidad,run_id,varchar,YES,10
RAN_DE_DW_200_SILVER,gold_sic,fact_probabilidad,version_modelo,varchar,YES,11
RAN_DE_DW_200_SILVER,gold_sic,fact_probabilidad,fecha_calculo,datetime2,YES,12
RAN_DE_DW_200_SILVER,gold_sic,fact_probabilidad,usa_default,smallint,YES,13
RAN_DE_DW_200_SILVER,gold_sic,fact_probabilidad,peso_regla,decimal,YES,14
RAN_DE_DW_200_SILVER,gold_sic,fact_probabilidad_bloque,sic,int,NO,1
RAN_DE_DW_200_SILVER,gold_sic,fact_probabilidad_bloque,bloque,int,NO,2
RAN_DE_DW_200_SILVER,gold_sic,fact_probabilidad_bloque,id_risc,int,YES,3
RAN_DE_DW_200_SILVER,gold_sic,fact_probabilidad_bloque,nom_app,varchar,YES,4
RAN_DE_DW_200_SILVER,gold_sic,fact_probabilidad_bloque,promedio_valor,decimal,YES,5
RAN_DE_DW_200_SILVER,gold_sic,fact_probabilidad_bloque,reglas,int,YES,6
RAN_DE_DW_200_SILVER,gold_sic,fact_probabilidad_bloque,reales,int,YES,7
RAN_DE_DW_200_SILVER,gold_sic,fact_probabilidad_bloque,proxies,int,YES,8
RAN_DE_DW_200_SILVER,gold_sic,fact_probabilidad_bloque,defaults_cnt,int,YES,9
RAN_DE_DW_200_SILVER,gold_sic,fact_probabilidad_bloque,constantes,int,YES,10
RAN_DE_DW_200_SILVER,gold_sic,fact_probabilidad_bloque,nivel_bloque_num,smallint,YES,11
RAN_DE_DW_200_SILVER,gold_sic,fact_probabilidad_bloque,nivel_bloque_texto,varchar,YES,12
RAN_DE_DW_200_SILVER,gold_sic,fact_probabilidad_bloque,run_id,varchar,YES,13
RAN_DE_DW_200_SILVER,gold_sic,fact_probabilidad_bloque,version_modelo,varchar,YES,14
RAN_DE_DW_200_SILVER,gold_sic,fact_probabilidad_bloque,fecha_calculo,datetime2,YES,15
RAN_DE_DW_200_SILVER,gold_sic,fact_probabilidad_sig,sic,int,NO,1
RAN_DE_DW_200_SILVER,gold_sic,fact_probabilidad_sig,nom_app,varchar,YES,2
RAN_DE_DW_200_SILVER,gold_sic,fact_probabilidad_sig,promedio_probabilidad,decimal,YES,3
RAN_DE_DW_200_SILVER,gold_sic,fact_probabilidad_sig,reglas,int,YES,4
RAN_DE_DW_200_SILVER,gold_sic,fact_probabilidad_sig,reales,int,YES,5
RAN_DE_DW_200_SILVER,gold_sic,fact_probabilidad_sig,proxies,int,YES,6
RAN_DE_DW_200_SILVER,gold_sic,fact_probabilidad_sig,defaults_cnt,int,YES,7
RAN_DE_DW_200_SILVER,gold_sic,fact_probabilidad_sig,constantes,int,YES,8
RAN_DE_DW_200_SILVER,gold_sic,fact_probabilidad_sig,nivel_final_num,smallint,YES,9
RAN_DE_DW_200_SILVER,gold_sic,fact_probabilidad_sig,nivel_final_texto,varchar,YES,10
RAN_DE_DW_200_SILVER,gold_sic,fact_probabilidad_sig,run_id,varchar,YES,11
RAN_DE_DW_200_SILVER,gold_sic,fact_probabilidad_sig,version_modelo,varchar,YES,12
RAN_DE_DW_200_SILVER,gold_sic,fact_probabilidad_sig,fecha_calculo,datetime2,YES,13
RAN_DE_DW_200_SILVER,gold_sic,fact_riesgo,sic,int,NO,1
RAN_DE_DW_200_SILVER,gold_sic,fact_riesgo,bloque,int,NO,2
RAN_DE_DW_200_SILVER,gold_sic,fact_riesgo,id_risc,int,YES,3
RAN_DE_DW_200_SILVER,gold_sic,fact_riesgo,nom_app,varchar,YES,4
RAN_DE_DW_200_SILVER,gold_sic,fact_riesgo,probabilidad_raw,decimal,YES,5
RAN_DE_DW_200_SILVER,gold_sic,fact_riesgo,probabilidad_final_num,smallint,YES,6
RAN_DE_DW_200_SILVER,gold_sic,fact_riesgo,probabilidad_final_texto,varchar,YES,7
RAN_DE_DW_200_SILVER,gold_sic,fact_riesgo,impacto_raw,decimal,YES,8
RAN_DE_DW_200_SILVER,gold_sic,fact_riesgo,impacto_final_num,smallint,YES,9
RAN_DE_DW_200_SILVER,gold_sic,fact_riesgo,impacto_final_texto,varchar,YES,10
RAN_DE_DW_200_SILVER,gold_sic,fact_riesgo,riesgo_raw,decimal,YES,11
RAN_DE_DW_200_SILVER,gold_sic,fact_riesgo,riesgo_final_num,smallint,YES,12
RAN_DE_DW_200_SILVER,gold_sic,fact_riesgo,riesgo_final_texto,varchar,YES,13
RAN_DE_DW_200_SILVER,gold_sic,fact_riesgo,metodo_calculo,varchar,YES,14
RAN_DE_DW_200_SILVER,gold_sic,fact_riesgo,run_id,varchar,YES,15
RAN_DE_DW_200_SILVER,gold_sic,fact_riesgo,version_modelo,varchar,YES,16
RAN_DE_DW_200_SILVER,gold_sic,fact_riesgo,fecha_calculo,datetime2,YES,17
RAN_DE_DW_200_SILVER,gold_sic,fact_riesgo,codigo_departamento,varchar,YES,18
RAN_DE_DW_200_SILVER,gold_sic,vw_impacto_matriz_reglas_por_sig,sic,int,NO,1
RAN_DE_DW_200_SILVER,gold_sic,vw_impacto_matriz_reglas_por_sig,nom_app,varchar,YES,2
RAN_DE_DW_200_SILVER,gold_sic,vw_impacto_matriz_reglas_por_sig,101,smallint,YES,3
RAN_DE_DW_200_SILVER,gold_sic,vw_impacto_matriz_reglas_por_sig,102,smallint,YES,4
RAN_DE_DW_200_SILVER,gold_sic,vw_impacto_matriz_reglas_por_sig,103,smallint,YES,5
RAN_DE_DW_200_SILVER,gold_sic,vw_impacto_matriz_reglas_por_sig,104,smallint,YES,6
RAN_DE_DW_200_SILVER,gold_sic,vw_impacto_matriz_reglas_por_sig,105,smallint,YES,7
RAN_DE_DW_200_SILVER,gold_sic,vw_impacto_matriz_reglas_por_sig,201,smallint,YES,8
RAN_DE_DW_200_SILVER,gold_sic,vw_impacto_matriz_reglas_por_sig,202,smallint,YES,9
RAN_DE_DW_200_SILVER,gold_sic,vw_impacto_matriz_reglas_por_sig,203,smallint,YES,10
RAN_DE_DW_200_SILVER,gold_sic,vw_impacto_matriz_reglas_por_sig,204,smallint,YES,11
RAN_DE_DW_200_SILVER,gold_sic,vw_impacto_matriz_reglas_por_sig,205,smallint,YES,12
RAN_DE_DW_200_SILVER,gold_sic,vw_impacto_matriz_reglas_por_sig,301,smallint,YES,13
RAN_DE_DW_200_SILVER,gold_sic,vw_impacto_matriz_reglas_por_sig,401,smallint,YES,14
RAN_DE_DW_200_SILVER,gold_sic,vw_impacto_matriz_reglas_por_sig,402,smallint,YES,15
RAN_DE_DW_200_SILVER,gold_sic,vw_probabilidad_matriz_reglas_por_sig,sic,int,NO,1
RAN_DE_DW_200_SILVER,gold_sic,vw_probabilidad_matriz_reglas_por_sig,nom_app,varchar,YES,2
RAN_DE_DW_200_SILVER,gold_sic,vw_probabilidad_matriz_reglas_por_sig,1001,smallint,YES,3
RAN_DE_DW_200_SILVER,gold_sic,vw_probabilidad_matriz_reglas_por_sig,1002,smallint,YES,4
RAN_DE_DW_200_SILVER,gold_sic,vw_probabilidad_matriz_reglas_por_sig,1003,smallint,YES,5
RAN_DE_DW_200_SILVER,gold_sic,vw_probabilidad_matriz_reglas_por_sig,1004,smallint,YES,6
RAN_DE_DW_200_SILVER,gold_sic,vw_probabilidad_matriz_reglas_por_sig,1005,smallint,YES,7
RAN_DE_DW_200_SILVER,gold_sic,vw_probabilidad_matriz_reglas_por_sig,1006,smallint,YES,8
RAN_DE_DW_200_SILVER,gold_sic,vw_probabilidad_matriz_reglas_por_sig,2001,smallint,YES,9
RAN_DE_DW_200_SILVER,gold_sic,vw_probabilidad_matriz_reglas_por_sig,2002,smallint,YES,10
RAN_DE_DW_200_SILVER,gold_sic,vw_probabilidad_matriz_reglas_por_sig,2003,smallint,YES,11
RAN_DE_DW_200_SILVER,gold_sic,vw_probabilidad_matriz_reglas_por_sig,2004,smallint,YES,12
RAN_DE_DW_200_SILVER,gold_sic,vw_probabilidad_matriz_reglas_por_sig,2005,smallint,YES,13
RAN_DE_DW_200_SILVER,gold_sic,vw_probabilidad_matriz_reglas_por_sig,2006,smallint,YES,14
RAN_DE_DW_200_SILVER,gold_sic,vw_probabilidad_matriz_reglas_por_sig,2007,smallint,YES,15
RAN_DE_DW_200_SILVER,gold_sic,vw_probabilidad_matriz_reglas_por_sig,2008,smallint,YES,16
RAN_DE_DW_200_SILVER,gold_sic,vw_probabilidad_matriz_reglas_por_sig,2009,smallint,YES,17
RAN_DE_DW_200_SILVER,gold_sic,vw_probabilidad_matriz_reglas_por_sig,2010,smallint,YES,18
RAN_DE_DW_200_SILVER,gold_sic,vw_probabilidad_matriz_reglas_por_sig,2011,smallint,YES,19
RAN_DE_DW_200_SILVER,gold_sic,vw_probabilidad_matriz_reglas_por_sig,3001,smallint,YES,20
RAN_DE_DW_200_SILVER,gold_sic,vw_probabilidad_matriz_reglas_por_sig,3002,smallint,YES,21
RAN_DE_DW_200_SILVER,gold_sic,vw_probabilidad_matriz_reglas_por_sig,3003,smallint,YES,22
RAN_DE_DW_200_SILVER,gold_sic,vw_probabilidad_matriz_reglas_por_sig,3004,smallint,YES,23
RAN_DE_DW_200_SILVER,gold_sic,vw_probabilidad_matriz_reglas_por_sig,3005,smallint,YES,24
RAN_DE_DW_200_SILVER,gold_sic,vw_probabilidad_matriz_reglas_por_sig,3006,smallint,YES,25
RAN_DE_DW_200_SILVER,gold_sic,vw_probabilidad_matriz_reglas_por_sig,3007,smallint,YES,26
RAN_DE_DW_200_SILVER,gold_sic,vw_probabilidad_matriz_reglas_por_sig,3008,smallint,YES,27
RAN_DE_DW_200_SILVER,gold_sic,vw_probabilidad_matriz_reglas_por_sig,3009,smallint,YES,28
RAN_DE_DW_200_SILVER,gold_sic,vw_probabilidad_matriz_reglas_por_sig,3010,smallint,YES,29
RAN_DE_DW_200_SILVER,gold_sic,vw_probabilidad_matriz_reglas_por_sig,3011,smallint,YES,30
RAN_DE_DW_200_SILVER,gold_sic,vw_probabilidad_matriz_reglas_por_sig,3012,smallint,YES,31
RAN_DE_DW_200_SILVER,gold_sic,vw_probabilidad_matriz_reglas_por_sig,4001,smallint,YES,32
RAN_DE_DW_200_SILVER,gold_sic,vw_probabilidad_matriz_reglas_por_sig,4002,smallint,YES,33
RAN_DE_DW_200_SILVER,gold_sic,vw_probabilidad_matriz_reglas_por_sig,4003,smallint,YES,34
RAN_DE_DW_200_SILVER,gold_sic,vw_probabilidad_matriz_reglas_por_sig,4004,smallint,YES,35
RAN_DE_DW_200_SILVER,gold_sic,vw_probabilidad_matriz_reglas_por_sig,4005,smallint,YES,36
RAN_DE_DW_200_SILVER,gold_sic,vw_probabilidad_matriz_reglas_por_sig,4006,smallint,YES,37
RAN_DE_DW_200_SILVER,gold_sic,vw_riesgo_resumen,sic,int,NO,1
RAN_DE_DW_200_SILVER,gold_sic,vw_riesgo_resumen,nom_app,varchar,YES,2
RAN_DE_DW_200_SILVER,gold_sic,vw_riesgo_resumen,bloque,int,NO,3
RAN_DE_DW_200_SILVER,gold_sic,vw_riesgo_resumen,id_risc,int,YES,4
RAN_DE_DW_200_SILVER,gold_sic,vw_riesgo_resumen,probabilidad_raw,decimal,YES,5
RAN_DE_DW_200_SILVER,gold_sic,vw_riesgo_resumen,probabilidad_final_num,smallint,YES,6
RAN_DE_DW_200_SILVER,gold_sic,vw_riesgo_resumen,probabilidad_final_texto,varchar,YES,7
RAN_DE_DW_200_SILVER,gold_sic,vw_riesgo_resumen,impacto_raw,decimal,YES,8
RAN_DE_DW_200_SILVER,gold_sic,vw_riesgo_resumen,impacto_final_num,smallint,YES,9
RAN_DE_DW_200_SILVER,gold_sic,vw_riesgo_resumen,impacto_final_texto,varchar,YES,10
RAN_DE_DW_200_SILVER,gold_sic,vw_riesgo_resumen,riesgo_raw,decimal,YES,11
RAN_DE_DW_200_SILVER,gold_sic,vw_riesgo_resumen,riesgo_final_num,smallint,YES,12
RAN_DE_DW_200_SILVER,gold_sic,vw_riesgo_resumen,riesgo_final_texto,varchar,YES,13
RAN_DE_DW_200_SILVER,gold_sic,vw_riesgo_resumen,run_id,varchar,YES,14
RAN_DE_DW_200_SILVER,gold_sic,vw_riesgo_resumen,version_modelo,varchar,YES,15
RAN_DE_DW_200_SILVER,gold_sic,vw_riesgo_resumen,fecha_calculo,datetime2,YES,16
RAN_DE_DW_200_SILVER,queryinsights,exec_requests_history,distributed_statement_id,uniqueidentifier,YES,1
RAN_DE_DW_200_SILVER,queryinsights,exec_requests_history,database_name,varchar,YES,2
RAN_DE_DW_200_SILVER,queryinsights,exec_requests_history,submit_time,datetime2,YES,3
RAN_DE_DW_200_SILVER,queryinsights,exec_requests_history,start_time,datetime2,YES,4
RAN_DE_DW_200_SILVER,queryinsights,exec_requests_history,end_time,datetime2,YES,5
RAN_DE_DW_200_SILVER,queryinsights,exec_requests_history,is_distributed,int,NO,6
RAN_DE_DW_200_SILVER,queryinsights,exec_requests_history,is_accelerated,int,NO,7
RAN_DE_DW_200_SILVER,queryinsights,exec_requests_history,statement_type,varchar,YES,8
RAN_DE_DW_200_SILVER,queryinsights,exec_requests_history,total_elapsed_time_ms,bigint,YES,9
RAN_DE_DW_200_SILVER,queryinsights,exec_requests_history,login_name,varchar,YES,10
RAN_DE_DW_200_SILVER,queryinsights,exec_requests_history,row_count,bigint,YES,11
RAN_DE_DW_200_SILVER,queryinsights,exec_requests_history,status,varchar,YES,12
RAN_DE_DW_200_SILVER,queryinsights,exec_requests_history,session_id,int,YES,13
RAN_DE_DW_200_SILVER,queryinsights,exec_requests_history,connection_id,uniqueidentifier,YES,14
RAN_DE_DW_200_SILVER,queryinsights,exec_requests_history,program_name,varchar,YES,15
RAN_DE_DW_200_SILVER,queryinsights,exec_requests_history,batch_id,uniqueidentifier,YES,16
RAN_DE_DW_200_SILVER,queryinsights,exec_requests_history,root_batch_id,uniqueidentifier,YES,17
RAN_DE_DW_200_SILVER,queryinsights,exec_requests_history,query_hash,varchar,YES,18
RAN_DE_DW_200_SILVER,queryinsights,exec_requests_history,label,varchar,YES,19
RAN_DE_DW_200_SILVER,queryinsights,exec_requests_history,result_cache_hit,int,YES,20
RAN_DE_DW_200_SILVER,queryinsights,exec_requests_history,sql_pool_name,varchar,YES,21
RAN_DE_DW_200_SILVER,queryinsights,exec_requests_history,error_code,int,YES,22
RAN_DE_DW_200_SILVER,queryinsights,exec_requests_history,error_severity,int,YES,23
RAN_DE_DW_200_SILVER,queryinsights,exec_requests_history,error_state,int,YES,24
RAN_DE_DW_200_SILVER,queryinsights,exec_requests_history,allocated_cpu_time_ms,bigint,YES,25
RAN_DE_DW_200_SILVER,queryinsights,exec_requests_history,data_scanned_remote_storage_mb,decimal,YES,26
RAN_DE_DW_200_SILVER,queryinsights,exec_requests_history,data_scanned_memory_mb,decimal,YES,27
RAN_DE_DW_200_SILVER,queryinsights,exec_requests_history,data_scanned_disk_mb,decimal,YES,28
RAN_DE_DW_200_SILVER,queryinsights,exec_requests_history,is_using_external_api,int,YES,29
RAN_DE_DW_200_SILVER,queryinsights,exec_requests_history,command,varchar,YES,30
RAN_DE_DW_200_SILVER,queryinsights,exec_sessions_history,session_id,int,YES,1
RAN_DE_DW_200_SILVER,queryinsights,exec_sessions_history,connection_id,uniqueidentifier,YES,2
RAN_DE_DW_200_SILVER,queryinsights,exec_sessions_history,session_start_time,datetime2,YES,3
RAN_DE_DW_200_SILVER,queryinsights,exec_sessions_history,session_end_time,datetime2,YES,4
RAN_DE_DW_200_SILVER,queryinsights,exec_sessions_history,program_name,varchar,YES,5
RAN_DE_DW_200_SILVER,queryinsights,exec_sessions_history,login_name,varchar,YES,6
RAN_DE_DW_200_SILVER,queryinsights,exec_sessions_history,status,varchar,YES,7
RAN_DE_DW_200_SILVER,queryinsights,exec_sessions_history,context_info,varchar,YES,8
RAN_DE_DW_200_SILVER,queryinsights,exec_sessions_history,total_query_elapsed_time_ms,bigint,YES,9
RAN_DE_DW_200_SILVER,queryinsights,exec_sessions_history,last_request_start_time,datetime2,YES,10
RAN_DE_DW_200_SILVER,queryinsights,exec_sessions_history,last_request_end_time,datetime2,YES,11
RAN_DE_DW_200_SILVER,queryinsights,exec_sessions_history,is_user_process,bit,YES,12
RAN_DE_DW_200_SILVER,queryinsights,exec_sessions_history,prev_error,int,YES,13
RAN_DE_DW_200_SILVER,queryinsights,exec_sessions_history,group_id,bigint,YES,14
RAN_DE_DW_200_SILVER,queryinsights,exec_sessions_history,database_id,int,YES,15
RAN_DE_DW_200_SILVER,queryinsights,exec_sessions_history,authenticating_database_id,int,YES,16
RAN_DE_DW_200_SILVER,queryinsights,exec_sessions_history,open_transaction_count,bigint,YES,17
RAN_DE_DW_200_SILVER,queryinsights,exec_sessions_history,text_size,int,YES,18
RAN_DE_DW_200_SILVER,queryinsights,exec_sessions_history,language,varchar,YES,19
RAN_DE_DW_200_SILVER,queryinsights,exec_sessions_history,date_format,varchar,YES,20
RAN_DE_DW_200_SILVER,queryinsights,exec_sessions_history,date_first,int,YES,21
RAN_DE_DW_200_SILVER,queryinsights,exec_sessions_history,quoted_identifier,bit,YES,22
RAN_DE_DW_200_SILVER,queryinsights,exec_sessions_history,arithabort,bit,YES,23
RAN_DE_DW_200_SILVER,queryinsights,exec_sessions_history,ansi_null_dflt_on,bit,YES,24
RAN_DE_DW_200_SILVER,queryinsights,exec_sessions_history,ansi_defaults,bit,YES,25
RAN_DE_DW_200_SILVER,queryinsights,exec_sessions_history,ansi_warnings,bit,YES,26
RAN_DE_DW_200_SILVER,queryinsights,exec_sessions_history,ansi_padding,bit,YES,27
RAN_DE_DW_200_SILVER,queryinsights,exec_sessions_history,ansi_nulls,bit,YES,28
RAN_DE_DW_200_SILVER,queryinsights,exec_sessions_history,concat_null_yields_null,bit,YES,29
RAN_DE_DW_200_SILVER,queryinsights,exec_sessions_history,transaction_isolation_level,int,YES,30
RAN_DE_DW_200_SILVER,queryinsights,exec_sessions_history,lock_timeout,bigint,YES,31
RAN_DE_DW_200_SILVER,queryinsights,exec_sessions_history,deadlock_priority,int,YES,32
RAN_DE_DW_200_SILVER,queryinsights,exec_sessions_history,original_security_id,varchar,YES,33
RAN_DE_DW_200_SILVER,queryinsights,exec_sessions_history,database_name,varchar,YES,34
RAN_DE_DW_200_SILVER,queryinsights,frequently_run_queries,database_name,varchar,YES,1
RAN_DE_DW_200_SILVER,queryinsights,frequently_run_queries,number_of_runs,int,YES,2
RAN_DE_DW_200_SILVER,queryinsights,frequently_run_queries,number_of_accelerated_runs,int,YES,3
RAN_DE_DW_200_SILVER,queryinsights,frequently_run_queries,min_run_total_elapsed_time_ms,bigint,YES,4
RAN_DE_DW_200_SILVER,queryinsights,frequently_run_queries,max_run_total_elapsed_time_ms,bigint,YES,5
RAN_DE_DW_200_SILVER,queryinsights,frequently_run_queries,avg_total_elapsed_time_ms,bigint,YES,6
RAN_DE_DW_200_SILVER,queryinsights,frequently_run_queries,number_of_successful_runs,int,YES,7
RAN_DE_DW_200_SILVER,queryinsights,frequently_run_queries,number_of_failed_runs,int,YES,8
RAN_DE_DW_200_SILVER,queryinsights,frequently_run_queries,number_of_canceled_runs,int,YES,9
RAN_DE_DW_200_SILVER,queryinsights,frequently_run_queries,last_run_total_elapsed_time_ms,bigint,YES,10
RAN_DE_DW_200_SILVER,queryinsights,frequently_run_queries,last_run_start_time,datetime2,YES,11
RAN_DE_DW_200_SILVER,queryinsights,frequently_run_queries,last_dist_statement_id,uniqueidentifier,YES,12
RAN_DE_DW_200_SILVER,queryinsights,frequently_run_queries,query_hash,varchar,YES,13
RAN_DE_DW_200_SILVER,queryinsights,frequently_run_queries,last_run_command,varchar,YES,14
RAN_DE_DW_200_SILVER,queryinsights,long_running_queries,database_name,varchar,YES,1
RAN_DE_DW_200_SILVER,queryinsights,long_running_queries,median_total_elapsed_time_ms,float,YES,2
RAN_DE_DW_200_SILVER,queryinsights,long_running_queries,last_run_total_elapsed_time_ms,bigint,YES,3
RAN_DE_DW_200_SILVER,queryinsights,long_running_queries,last_run_start_time,datetime2,YES,4
RAN_DE_DW_200_SILVER,queryinsights,long_running_queries,last_dist_statement_id,uniqueidentifier,YES,5
RAN_DE_DW_200_SILVER,queryinsights,long_running_queries,last_run_session_id,int,YES,6
RAN_DE_DW_200_SILVER,queryinsights,long_running_queries,number_of_runs,int,YES,7
RAN_DE_DW_200_SILVER,queryinsights,long_running_queries,number_of_accelerated_runs,int,YES,8
RAN_DE_DW_200_SILVER,queryinsights,long_running_queries,query_hash,varchar,YES,9
RAN_DE_DW_200_SILVER,queryinsights,long_running_queries,last_run_command,varchar,YES,10
RAN_DE_DW_200_SILVER,queryinsights,sql_pool_insights,sql_pool_name,varchar,YES,1
RAN_DE_DW_200_SILVER,queryinsights,sql_pool_insights,timestamp,datetime2,YES,2
RAN_DE_DW_200_SILVER,queryinsights,sql_pool_insights,max_resource_percentage,int,YES,3
RAN_DE_DW_200_SILVER,queryinsights,sql_pool_insights,is_optimized_for_reads,bit,YES,4
RAN_DE_DW_200_SILVER,queryinsights,sql_pool_insights,current_workspace_capacity,varchar,YES,5
RAN_DE_DW_200_SILVER,queryinsights,sql_pool_insights,is_pool_under_pressure,bit,YES,6
RAN_DE_DW_200_SILVER,queryinsights,sql_pool_insights,cache_cooldown_minutes,int,YES,7
RAN_DE_DW_200_SILVER,silver,dim_ambito,ambito_sk,bigint,NO,1
RAN_DE_DW_200_SILVER,silver,dim_ambito,ambito_id,int,NO,2
RAN_DE_DW_200_SILVER,silver,dim_ambito,nombre,varchar,YES,3
RAN_DE_DW_200_SILVER,silver,dim_ambito,descripcion,varchar,YES,4
RAN_DE_DW_200_SILVER,silver,dim_ambito,created_at,datetime2,YES,5
RAN_DE_DW_200_SILVER,silver,dim_ambito,updated_at,datetime2,YES,6
RAN_DE_DW_200_SILVER,silver,dim_departamento,departamento_sk,bigint,NO,1
RAN_DE_DW_200_SILVER,silver,dim_departamento,codigo_departamento,varchar,NO,2
RAN_DE_DW_200_SILVER,silver,dim_departamento,nombre_departamento,varchar,YES,3
RAN_DE_DW_200_SILVER,silver,dim_departamento,tipo_departamento,varchar,YES,4
RAN_DE_DW_200_SILVER,silver,dim_departamento,fecha_inicio,date,YES,5
RAN_DE_DW_200_SILVER,silver,dim_departamento,fecha_fin,date,YES,6
RAN_DE_DW_200_SILVER,silver,dim_departamento,fecha_inicio_ctti,date,YES,7
RAN_DE_DW_200_SILVER,silver,dim_departamento,fecha_fin_ctti,date,YES,8
RAN_DE_DW_200_SILVER,silver,dim_departamento,fecha_inicio_ciber,date,YES,9
RAN_DE_DW_200_SILVER,silver,dim_departamento,fecha_fin_ciber,date,YES,10
RAN_DE_DW_200_SILVER,silver,dim_departamento,entidad_id,varchar,YES,11
RAN_DE_DW_200_SILVER,silver,dim_departamento,ambito_id,int,YES,12
RAN_DE_DW_200_SILVER,silver,dim_departamento,activo,bit,YES,13
RAN_DE_DW_200_SILVER,silver,dim_departamento,fecha_modificacion,datetime2,YES,14
RAN_DE_DW_200_SILVER,silver,dim_departamento,source_last_modified,datetime2,YES,15
RAN_DE_DW_200_SILVER,silver,dim_departamento,created_at,datetime2,YES,16
RAN_DE_DW_200_SILVER,silver,dim_departamento,updated_at,datetime2,YES,17
RAN_DE_DW_200_SILVER,silver,dim_entidad,entidad_sk,bigint,NO,1
RAN_DE_DW_200_SILVER,silver,dim_entidad,entidad_id,varchar,NO,2
RAN_DE_DW_200_SILVER,silver,dim_entidad,id_interno,varchar,YES,3
RAN_DE_DW_200_SILVER,silver,dim_entidad,nombre_tabla,varchar,YES,4
RAN_DE_DW_200_SILVER,silver,dim_entidad,nombre_entidad,varchar,YES,5
RAN_DE_DW_200_SILVER,silver,dim_entidad,nombre_corto,varchar,YES,6
RAN_DE_DW_200_SILVER,silver,dim_entidad,ambito_id,int,YES,7
RAN_DE_DW_200_SILVER,silver,dim_entidad,tipo_entidad_id,int,YES,8
RAN_DE_DW_200_SILVER,silver,dim_entidad,departamento_id,int,YES,9
RAN_DE_DW_200_SILVER,silver,dim_entidad,entidad_proveedora_id,int,YES,10
RAN_DE_DW_200_SILVER,silver,dim_entidad,nombre_centro_salud,varchar,YES,11
RAN_DE_DW_200_SILVER,silver,dim_entidad,nif,varchar,YES,12
RAN_DE_DW_200_SILVER,silver,dim_entidad,direccion,varchar,YES,13
RAN_DE_DW_200_SILVER,silver,dim_entidad,codigo_municipio,varchar,YES,14
RAN_DE_DW_200_SILVER,silver,dim_entidad,codigo_siscat,varchar,YES,15
RAN_DE_DW_200_SILVER,silver,dim_entidad,comunidad_autonoma_id,int,YES,16
RAN_DE_DW_200_SILVER,silver,dim_entidad,municipio_id,int,YES,17
RAN_DE_DW_200_SILVER,silver,dim_entidad,provincia_id,int,YES,18
RAN_DE_DW_200_SILVER,silver,dim_entidad,codigo_postal_id,int,YES,19
RAN_DE_DW_200_SILVER,silver,dim_entidad,vegueria_id,int,YES,20
RAN_DE_DW_200_SILVER,silver,dim_entidad,censo,int,YES,21
RAN_DE_DW_200_SILVER,silver,dim_entidad,latitud,varchar,YES,22
RAN_DE_DW_200_SILVER,silver,dim_entidad,longitud,varchar,YES,23
RAN_DE_DW_200_SILVER,silver,dim_entidad,geolocalizacion,varchar,YES,24
RAN_DE_DW_200_SILVER,silver,dim_entidad,telefono,varchar,YES,25
RAN_DE_DW_200_SILVER,silver,dim_entidad,email,varchar,YES,26
RAN_DE_DW_200_SILVER,silver,dim_entidad,url,varchar,YES,27
RAN_DE_DW_200_SILVER,silver,dim_entidad,activo,bit,YES,28
RAN_DE_DW_200_SILVER,silver,dim_entidad,fecha_creacion,date,YES,29
RAN_DE_DW_200_SILVER,silver,dim_entidad,fecha_modificacion,datetime2,YES,30
RAN_DE_DW_200_SILVER,silver,dim_entidad,fecha_eliminacion,datetime2,YES,31
RAN_DE_DW_200_SILVER,silver,dim_entidad,id_bitsight,varchar,YES,32
RAN_DE_DW_200_SILVER,silver,dim_entidad,source_last_modified,datetime2,YES,33
RAN_DE_DW_200_SILVER,silver,dim_entidad,created_at,datetime2,YES,34
RAN_DE_DW_200_SILVER,silver,dim_entidad,updated_at,datetime2,YES,35
RAN_DE_DW_200_SILVER,silver,dim_infra_cidat,codi_infra,int,NO,1
RAN_DE_DW_200_SILVER,silver,dim_infra_cidat,infra_nom,varchar,NO,2
RAN_DE_DW_200_SILVER,silver,dim_infra_cidat,nom_app,varchar,YES,3
RAN_DE_DW_200_SILVER,silver,dim_infra_cidat,codigo_departamento,varchar,YES,4
RAN_DE_DW_200_SILVER,silver,dim_infra_cidat,nombre_departamento,varchar,YES,5
RAN_DE_DW_200_SILVER,silver,dim_infra_cidat,classificacio_sistema,varchar,YES,6
RAN_DE_DW_200_SILVER,silver,dim_infra_cidat,key_seguretat,smallint,YES,7
RAN_DE_DW_200_SILVER,silver,dim_infra_cidat,descripcio,varchar,YES,8
RAN_DE_DW_200_SILVER,silver,dim_infra_cidat,descripcio_llarga,varchar,YES,9
RAN_DE_DW_200_SILVER,silver,dim_infra_cidat,app,varchar,YES,10
RAN_DE_DW_200_SILVER,silver,dim_infra_cidat,confidencialitat,varchar,YES,11
RAN_DE_DW_200_SILVER,silver,dim_infra_cidat,integritat,varchar,YES,12
RAN_DE_DW_200_SILVER,silver,dim_infra_cidat,disponibilitat,varchar,YES,13
RAN_DE_DW_200_SILVER,silver,dim_infra_cidat,autenticitat,varchar,YES,14
RAN_DE_DW_200_SILVER,silver,dim_infra_cidat,tracabilitat,varchar,YES,15
RAN_DE_DW_200_SILVER,silver,dim_infra_cidat,dw_created_at,datetime2,YES,16
RAN_DE_DW_200_SILVER,silver,dim_inventario,inventario_sk,bigint,NO,1
RAN_DE_DW_200_SILVER,silver,dim_inventario,key_app,int,NO,2
RAN_DE_DW_200_SILVER,silver,dim_inventario,nom_app,varchar,YES,3
RAN_DE_DW_200_SILVER,silver,dim_inventario,descripcio,varchar,YES,4
RAN_DE_DW_200_SILVER,silver,dim_inventario,app,varchar,YES,5
RAN_DE_DW_200_SILVER,silver,dim_inventario,key_estat,int,YES,6
RAN_DE_DW_200_SILVER,silver,dim_inventario,data_d_alta,date,YES,7
RAN_DE_DW_200_SILVER,silver,dim_inventario,data_de_baixa,date,YES,8
RAN_DE_DW_200_SILVER,silver,dim_inventario,any_d_implantacio,varchar,YES,9
RAN_DE_DW_200_SILVER,silver,dim_inventario,key_entitat,int,YES,10
RAN_DE_DW_200_SILVER,silver,dim_inventario,nombre_entidad,varchar,YES,11
RAN_DE_DW_200_SILVER,silver,dim_inventario,nombre_ambito,varchar,YES,12
RAN_DE_DW_200_SILVER,silver,dim_inventario,key_lot_app,int,YES,13
RAN_DE_DW_200_SILVER,silver,dim_inventario,key_lot_cpd,int,YES,14
RAN_DE_DW_200_SILVER,silver,dim_inventario,plataforma,varchar,YES,15
RAN_DE_DW_200_SILVER,silver,dim_inventario,servidor_aplicacions,varchar,YES,16
RAN_DE_DW_200_SILVER,silver,dim_inventario,base_de_dades,varchar,YES,17
RAN_DE_DW_200_SILVER,silver,dim_inventario,rto,varchar,YES,18
RAN_DE_DW_200_SILVER,silver,dim_inventario,rpo,varchar,YES,19
RAN_DE_DW_200_SILVER,silver,dim_inventario,key_seguretat,int,YES,20
RAN_DE_DW_200_SILVER,silver,dim_inventario,key_privacitat,int,YES,21
RAN_DE_DW_200_SILVER,silver,dim_inventario,key_visibilitat,int,YES,22
RAN_DE_DW_200_SILVER,silver,dim_inventario,key_disponibilitat,int,YES,23
RAN_DE_DW_200_SILVER,silver,dim_inventario,nivell_criticitat_de_negoci,int,YES,24
RAN_DE_DW_200_SILVER,silver,dim_inventario,sic,bit,YES,25
RAN_DE_DW_200_SILVER,silver,dim_inventario,eix_sic,bit,YES,26
RAN_DE_DW_200_SILVER,silver,dim_inventario,gestionada_cdc,bit,YES,27
RAN_DE_DW_200_SILVER,silver,dim_inventario,aplicacio_monitorada,bit,YES,28
RAN_DE_DW_200_SILVER,silver,dim_inventario,responsable_de_solucions,varchar,YES,29
RAN_DE_DW_200_SILVER,silver,dim_inventario,integracio_gicar_autentificacio,varchar,YES,30
RAN_DE_DW_200_SILVER,silver,dim_inventario,integracio_gicar_provisio,varchar,YES,31
RAN_DE_DW_200_SILVER,silver,dim_inventario,integracio_pica,bit,YES,32
RAN_DE_DW_200_SILVER,silver,dim_inventario,integracio_coico,bit,YES,33
RAN_DE_DW_200_SILVER,silver,dim_inventario,integracio_sorcat,bit,YES,34
RAN_DE_DW_200_SILVER,silver,dim_inventario,integracio_geco,bit,YES,35
RAN_DE_DW_200_SILVER,silver,dim_inventario,integracio_eformularis,bit,YES,36
RAN_DE_DW_200_SILVER,silver,dim_inventario,integracio_servidor_correu,bit,YES,37
RAN_DE_DW_200_SILVER,silver,dim_inventario,d_snapshot,varchar,YES,38
RAN_DE_DW_200_SILVER,silver,dim_inventario,created_at,datetime2,YES,39
RAN_DE_DW_200_SILVER,silver,dim_inventario,updated_at,datetime2,YES,40
RAN_DE_DW_200_SILVER,silver,dim_inventario_backup_361_records,inventario_sk,bigint,NO,1
RAN_DE_DW_200_SILVER,silver,dim_inventario_backup_361_records,application_code,varchar,NO,2
RAN_DE_DW_200_SILVER,silver,dim_inventario_backup_361_records,component_code,varchar,NO,3
RAN_DE_DW_200_SILVER,silver,dim_inventario_backup_361_records,dialog_code,bigint,YES,4
RAN_DE_DW_200_SILVER,silver,dim_inventario_backup_361_records,application_name,varchar,YES,5
RAN_DE_DW_200_SILVER,silver,dim_inventario_backup_361_records,component_type,varchar,YES,6
RAN_DE_DW_200_SILVER,silver,dim_inventario_backup_361_records,application_state,varchar,YES,7
RAN_DE_DW_200_SILVER,silver,dim_inventario_backup_361_records,starting_date,date,YES,8
RAN_DE_DW_200_SILVER,silver,dim_inventario_backup_361_records,ending_date,date,YES,9
RAN_DE_DW_200_SILVER,silver,dim_inventario_backup_361_records,department_code,varchar,YES,10
RAN_DE_DW_200_SILVER,silver,dim_inventario_backup_361_records,department_name,varchar,YES,11
RAN_DE_DW_200_SILVER,silver,dim_inventario_backup_361_records,entity_code,varchar,YES,12
RAN_DE_DW_200_SILVER,silver,dim_inventario_backup_361_records,department_entity_unit,varchar,YES,13
RAN_DE_DW_200_SILVER,silver,dim_inventario_backup_361_records,business_criticity_level,varchar,YES,14
RAN_DE_DW_200_SILVER,silver,dim_inventario_backup_361_records,maintenance_lot,varchar,YES,15
RAN_DE_DW_200_SILVER,silver,dim_inventario_backup_361_records,maintenance_company,varchar,YES,16
RAN_DE_DW_200_SILVER,silver,dim_inventario_backup_361_records,maintenance_contract,varchar,YES,17
RAN_DE_DW_200_SILVER,silver,dim_inventario_backup_361_records,platform,varchar,YES,18
RAN_DE_DW_200_SILVER,silver,dim_inventario_backup_361_records,technologic_environment,varchar,YES,19
RAN_DE_DW_200_SILVER,silver,dim_inventario_backup_361_records,primary_language,varchar,YES,20
RAN_DE_DW_200_SILVER,silver,dim_inventario_backup_361_records,database_type,varchar,YES,21
RAN_DE_DW_200_SILVER,silver,dim_inventario_backup_361_records,application_server,varchar,YES,22
RAN_DE_DW_200_SILVER,silver,dim_inventario_backup_361_records,information_security_level,varchar,YES,23
RAN_DE_DW_200_SILVER,silver,dim_inventario_backup_361_records,data_protection_level_rgpd,varchar,YES,24
RAN_DE_DW_200_SILVER,silver,dim_inventario_backup_361_records,gicar_authentication,bit,YES,25
RAN_DE_DW_200_SILVER,silver,dim_inventario_backup_361_records,pica_integration,bit,YES,26
RAN_DE_DW_200_SILVER,silver,dim_inventario_backup_361_records,functional_obsolescence,varchar,YES,27
RAN_DE_DW_200_SILVER,silver,dim_inventario_backup_361_records,technical_obsolescence,varchar,YES,28
RAN_DE_DW_200_SILVER,silver,dim_inventario_backup_361_records,source_last_modified,datetime2,YES,29
RAN_DE_DW_200_SILVER,silver,dim_inventario_backup_361_records,created_at,datetime2,YES,30
RAN_DE_DW_200_SILVER,silver,dim_inventario_backup_361_records,updated_at,datetime2,YES,31
RAN_DE_DW_200_SILVER,silver,dim_inventario_backup_361_records,entidad_id,varchar,YES,32
RAN_DE_DW_200_SILVER,silver,dim_inventario_backup_361_records,nombre_entidad,varchar,YES,33
RAN_DE_DW_200_SILVER,silver,dim_inventario_backup_361_records,nombre_ambito,varchar,YES,34
RAN_DE_DW_200_SILVER,silver,dim_lldt_cidat,codi_dialeg,int,NO,1
RAN_DE_DW_200_SILVER,silver,dim_lldt_cidat,nom_app,varchar,YES,2
RAN_DE_DW_200_SILVER,silver,dim_lldt_cidat,acronim,varchar,NO,3
RAN_DE_DW_200_SILVER,silver,dim_lldt_cidat,codigo_departamento,varchar,YES,4
RAN_DE_DW_200_SILVER,silver,dim_lldt_cidat,nombre_departamento,varchar,YES,5
RAN_DE_DW_200_SILVER,silver,dim_lldt_cidat,classificacio_sistema,varchar,YES,6
RAN_DE_DW_200_SILVER,silver,dim_lldt_cidat,key_seguretat,smallint,YES,7
RAN_DE_DW_200_SILVER,silver,dim_lldt_cidat,confidencialitat,varchar,YES,8
RAN_DE_DW_200_SILVER,silver,dim_lldt_cidat,integritat,varchar,YES,9
RAN_DE_DW_200_SILVER,silver,dim_lldt_cidat,disponibilitat,varchar,YES,10
RAN_DE_DW_200_SILVER,silver,dim_lldt_cidat,autenticitat,varchar,YES,11
RAN_DE_DW_200_SILVER,silver,dim_lldt_cidat,tracabilitat,varchar,YES,12
RAN_DE_DW_200_SILVER,silver,dim_lldt_cidat,dw_created_at,datetime2,YES,13
RAN_DE_DW_200_SILVER,silver,dim_modelo_riesgo_regla,dominio_modelo,varchar,NO,1
RAN_DE_DW_200_SILVER,silver,dim_modelo_riesgo_regla,factor_modelo,varchar,NO,2
RAN_DE_DW_200_SILVER,silver,dim_modelo_riesgo_regla,codigo_regla,int,NO,3
RAN_DE_DW_200_SILVER,silver,dim_modelo_riesgo_regla,bloque_codigo_funcional,int,NO,4
RAN_DE_DW_200_SILVER,silver,dim_modelo_riesgo_regla,bloque_codigo_origen,int,NO,5
RAN_DE_DW_200_SILVER,silver,dim_modelo_riesgo_regla,id_risc,int,YES,6
RAN_DE_DW_200_SILVER,silver,dim_modelo_riesgo_regla,bloque_nombre,varchar,YES,7
RAN_DE_DW_200_SILVER,silver,dim_modelo_riesgo_regla,risc,varchar,YES,8
RAN_DE_DW_200_SILVER,silver,dim_modelo_riesgo_regla,id_amenaca,varchar,YES,9
RAN_DE_DW_200_SILVER,silver,dim_modelo_riesgo_regla,amenaca_acc,varchar,YES,10
RAN_DE_DW_200_SILVER,silver,dim_modelo_riesgo_regla,id_font,varchar,YES,11
RAN_DE_DW_200_SILVER,silver,dim_modelo_riesgo_regla,font_integracio,varchar,YES,12
RAN_DE_DW_200_SILVER,silver,dim_modelo_riesgo_regla,camps,varchar,YES,13
RAN_DE_DW_200_SILVER,silver,dim_modelo_riesgo_regla,info_font,varchar,YES,14
RAN_DE_DW_200_SILVER,silver,dim_modelo_riesgo_regla,descripcion_regla,varchar,YES,15
RAN_DE_DW_200_SILVER,silver,dim_modelo_riesgo_regla,cidat_degradation,varchar,YES,16
RAN_DE_DW_200_SILVER,silver,dim_modelo_riesgo_regla,es_activa,smallint,NO,17
RAN_DE_DW_200_SILVER,silver,dim_modelo_riesgo_regla,version_origen,varchar,NO,18
RAN_DE_DW_200_SILVER,silver,dim_modelo_riesgo_regla,workbook_origen,varchar,NO,19
RAN_DE_DW_200_SILVER,silver,dim_modelo_riesgo_regla,fecha_carga,datetime2,NO,20
RAN_DE_DW_200_SILVER,silver,dim_modelo_riesgo_regla,dominio_modelo_visible,varchar,YES,21
RAN_DE_DW_200_SILVER,silver,dim_modelo_riesgo_regla_admin,dominio_modelo,varchar,NO,1
RAN_DE_DW_200_SILVER,silver,dim_modelo_riesgo_regla_admin,factor_modelo,varchar,NO,2
RAN_DE_DW_200_SILVER,silver,dim_modelo_riesgo_regla_admin,codigo_regla,int,NO,3
RAN_DE_DW_200_SILVER,silver,dim_modelo_riesgo_regla_admin,regla_nombre,varchar,NO,4
RAN_DE_DW_200_SILVER,silver,dim_modelo_riesgo_regla_admin,descripcion_funcional_255,varchar,YES,5
RAN_DE_DW_200_SILVER,silver,dim_modelo_riesgo_regla_admin,peso_regla,decimal,NO,6
RAN_DE_DW_200_SILVER,silver,dim_modelo_riesgo_regla_admin,default_nivel_num,smallint,NO,7
RAN_DE_DW_200_SILVER,silver,dim_modelo_riesgo_regla_admin,default_nivel_texto,varchar,NO,8
RAN_DE_DW_200_SILVER,silver,dim_modelo_riesgo_regla_admin,nivel_real_ref_economia,varchar,YES,9
RAN_DE_DW_200_SILVER,silver,dim_modelo_riesgo_regla_admin,observaciones,varchar,YES,10
RAN_DE_DW_200_SILVER,silver,dim_modelo_riesgo_regla_admin,dw_updated_at,datetime2,NO,11
RAN_DE_DW_200_SILVER,silver,dim_modelo_riesgo_regla_admin,dominio_modelo_visible,varchar,YES,12
RAN_DE_DW_200_SILVER,silver,dim_sic_cidat,codi_sic,int,NO,1
RAN_DE_DW_200_SILVER,silver,dim_sic_cidat,sic_nom,varchar,NO,2
RAN_DE_DW_200_SILVER,silver,dim_sic_cidat,nom_app,varchar,YES,3
RAN_DE_DW_200_SILVER,silver,dim_sic_cidat,codigo_departamento,varchar,YES,4
RAN_DE_DW_200_SILVER,silver,dim_sic_cidat,nombre_departamento,varchar,YES,5
RAN_DE_DW_200_SILVER,silver,dim_sic_cidat,classificacio_sistema,varchar,YES,6
RAN_DE_DW_200_SILVER,silver,dim_sic_cidat,key_seguretat,smallint,YES,7
RAN_DE_DW_200_SILVER,silver,dim_sic_cidat,descripcio,varchar,YES,8
RAN_DE_DW_200_SILVER,silver,dim_sic_cidat,descripcio_llarga,varchar,YES,9
RAN_DE_DW_200_SILVER,silver,dim_sic_cidat,app,varchar,YES,10
RAN_DE_DW_200_SILVER,silver,dim_sic_cidat,confidencialitat,varchar,YES,11
RAN_DE_DW_200_SILVER,silver,dim_sic_cidat,integritat,varchar,YES,12
RAN_DE_DW_200_SILVER,silver,dim_sic_cidat,disponibilitat,varchar,YES,13
RAN_DE_DW_200_SILVER,silver,dim_sic_cidat,autenticitat,varchar,YES,14
RAN_DE_DW_200_SILVER,silver,dim_sic_cidat,tracabilitat,varchar,YES,15
RAN_DE_DW_200_SILVER,silver,dim_sic_cidat,dw_created_at,datetime2,YES,16
RAN_DE_DW_200_SILVER,silver,fact_certificacion_sic,certificacion_sic_sk,bigint,NO,1
RAN_DE_DW_200_SILVER,silver,fact_certificacion_sic,sic,int,NO,2
RAN_DE_DW_200_SILVER,silver,fact_certificacion_sic,nom_app,varchar,YES,3
RAN_DE_DW_200_SILVER,silver,fact_certificacion_sic,certificaciones_mapeadas,int,NO,4
RAN_DE_DW_200_SILVER,silver,fact_certificacion_sic,certificaciones_activas_vigentes,int,NO,5
RAN_DE_DW_200_SILVER,silver,fact_certificacion_sic,certificaciones_activas_expiradas,int,NO,6
RAN_DE_DW_200_SILVER,silver,fact_certificacion_sic,ultima_fecha_fin,date,YES,7
RAN_DE_DW_200_SILVER,silver,fact_certificacion_sic,nivel_num,smallint,NO,8
RAN_DE_DW_200_SILVER,silver,fact_certificacion_sic,nivel_texto,varchar,NO,9
RAN_DE_DW_200_SILVER,silver,fact_certificacion_sic,tipo_valor,varchar,NO,10
RAN_DE_DW_200_SILVER,silver,fact_certificacion_sic,criterio_valor,varchar,NO,11
RAN_DE_DW_200_SILVER,silver,fact_certificacion_sic,snapshot_date,date,YES,12
RAN_DE_DW_200_SILVER,silver,fact_certificacion_sic,dw_created_at,datetime2,YES,13
RAN_DE_DW_200_SILVER,silver,fact_certificacion_sic,dw_updated_at,datetime2,YES,14
RAN_DE_DW_200_SILVER,silver,fact_cpd_edr,cpd_server_sk,bigint,NO,1
RAN_DE_DW_200_SILVER,silver,fact_cpd_edr,department_fk,bigint,YES,2
RAN_DE_DW_200_SILVER,silver,fact_cpd_edr,hostname,varchar,YES,3
RAN_DE_DW_200_SILVER,silver,fact_cpd_edr,origen,varchar,YES,4
RAN_DE_DW_200_SILVER,silver,fact_cpd_edr,last_seen_date,date,YES,5
RAN_DE_DW_200_SILVER,silver,fact_cpd_edr,days_since_last_seen,int,YES,6
RAN_DE_DW_200_SILVER,silver,fact_cpd_edr,is_active,int,YES,7
RAN_DE_DW_200_SILVER,silver,fact_cpd_edr,is_stale,int,YES,8
RAN_DE_DW_200_SILVER,silver,fact_cpd_edr,is_unreachable,int,YES,9
RAN_DE_DW_200_SILVER,silver,fact_cpd_edr,snapshot_date,date,YES,10
RAN_DE_DW_200_SILVER,silver,fact_cpd_edr,dw_created_at,datetime2,YES,11
RAN_DE_DW_200_SILVER,silver,fact_cpd_edr,dw_updated_at,datetime2,YES,12
RAN_DE_DW_200_SILVER,silver,fact_crowdstrike_cpd,crowdstrike_cpd_sk,bigint,NO,1
RAN_DE_DW_200_SILVER,silver,fact_crowdstrike_cpd,source_system,varchar,YES,2
RAN_DE_DW_200_SILVER,silver,fact_crowdstrike_cpd,source_file,varchar,YES,3
RAN_DE_DW_200_SILVER,silver,fact_crowdstrike_cpd,cpd_origen,varchar,YES,4
RAN_DE_DW_200_SILVER,silver,fact_crowdstrike_cpd,snapshot_ts,datetime2,NO,5
RAN_DE_DW_200_SILVER,silver,fact_crowdstrike_cpd,snapshot_date,date,NO,6
RAN_DE_DW_200_SILVER,silver,fact_crowdstrike_cpd,ingestion_ts,datetime2,YES,7
RAN_DE_DW_200_SILVER,silver,fact_crowdstrike_cpd,host_id,varchar,NO,8
RAN_DE_DW_200_SILVER,silver,fact_crowdstrike_cpd,hostname,varchar,YES,9
RAN_DE_DW_200_SILVER,silver,fact_crowdstrike_cpd,hostname_norm,varchar,YES,10
RAN_DE_DW_200_SILVER,silver,fact_crowdstrike_cpd,last_seen_ts,datetime2,YES,11
RAN_DE_DW_200_SILVER,silver,fact_crowdstrike_cpd,first_seen_ts,datetime2,YES,12
RAN_DE_DW_200_SILVER,silver,fact_crowdstrike_cpd,platform,varchar,YES,13
RAN_DE_DW_200_SILVER,silver,fact_crowdstrike_cpd,os_version,varchar,YES,14
RAN_DE_DW_200_SILVER,silver,fact_crowdstrike_cpd,asset_type,varchar,YES,15
RAN_DE_DW_200_SILVER,silver,fact_crowdstrike_cpd,local_ip,varchar,YES,16
RAN_DE_DW_200_SILVER,silver,fact_crowdstrike_cpd,external_ip,varchar,YES,17
RAN_DE_DW_200_SILVER,silver,fact_crowdstrike_cpd,mac_address,varchar,YES,18
RAN_DE_DW_200_SILVER,silver,fact_crowdstrike_cpd,sensor_version,varchar,YES,19
RAN_DE_DW_200_SILVER,silver,fact_crowdstrike_cpd,host_groups,varchar,YES,20
RAN_DE_DW_200_SILVER,silver,fact_crowdstrike_cpd,sensor_tags,varchar,YES,21
RAN_DE_DW_200_SILVER,silver,fact_crowdstrike_cpd,last_logged_in_user_account,varchar,YES,22
RAN_DE_DW_200_SILVER,silver,fact_crowdstrike_cpd,prevention_policy,varchar,YES,23
RAN_DE_DW_200_SILVER,silver,fact_crowdstrike_cpd,logscale_collector_policy,varchar,YES,24
RAN_DE_DW_200_SILVER,silver,fact_crowdstrike_cpd,sensor_update_policy,varchar,YES,25
RAN_DE_DW_200_SILVER,silver,fact_crowdstrike_cpd,content_update_policy,varchar,YES,26
RAN_DE_DW_200_SILVER,silver,fact_crowdstrike_cpd,host_retention_policy,varchar,YES,27
RAN_DE_DW_200_SILVER,silver,fact_crowdstrike_cpd,dw_created_at,datetime2,YES,28
RAN_DE_DW_200_SILVER,silver,fact_crowdstrike_cpd,dw_updated_at,datetime2,YES,29
RAN_DE_DW_200_SILVER,silver,fact_exposicion_amenaza_cpd,Amenaca,varchar,YES,1
RAN_DE_DW_200_SILVER,silver,fact_exposicion_amenaza_cpd,ID_Amenaca,varchar,YES,2
RAN_DE_DW_200_SILVER,silver,fact_exposicion_amenaza_cpd,CPD1,varchar,YES,3
RAN_DE_DW_200_SILVER,silver,fact_exposicion_amenaza_cpd,CPD2,varchar,YES,4
RAN_DE_DW_200_SILVER,silver,fact_exposicion_amenaza_cpd,CPD3,varchar,YES,5
RAN_DE_DW_200_SILVER,silver,fact_exposicion_amenaza_cpd,CPD4,varchar,YES,6
RAN_DE_DW_200_SILVER,silver,fact_gobernanza_departamento,gobernanza_sk,bigint,NO,1
RAN_DE_DW_200_SILVER,silver,fact_gobernanza_departamento,department_fk,bigint,YES,2
RAN_DE_DW_200_SILVER,silver,fact_gobernanza_departamento,codigo_departamento_raw,varchar,NO,3
RAN_DE_DW_200_SILVER,silver,fact_gobernanza_departamento,codigo_departamento,varchar,YES,4
RAN_DE_DW_200_SILVER,silver,fact_gobernanza_departamento,nombre_departamento,varchar,YES,5
RAN_DE_DW_200_SILVER,silver,fact_gobernanza_departamento,codigo_regla,int,NO,6
RAN_DE_DW_200_SILVER,silver,fact_gobernanza_departamento,indicador_raw,varchar,NO,7
RAN_DE_DW_200_SILVER,silver,fact_gobernanza_departamento,valor_raw,varchar,YES,8
RAN_DE_DW_200_SILVER,silver,fact_gobernanza_departamento,cumple_control,bit,YES,9
RAN_DE_DW_200_SILVER,silver,fact_gobernanza_departamento,nivel_num,smallint,NO,10
RAN_DE_DW_200_SILVER,silver,fact_gobernanza_departamento,nivel_texto,varchar,NO,11
RAN_DE_DW_200_SILVER,silver,fact_gobernanza_departamento,tipo_valor,varchar,NO,12
RAN_DE_DW_200_SILVER,silver,fact_gobernanza_departamento,criterio_valor,varchar,NO,13
RAN_DE_DW_200_SILVER,silver,fact_gobernanza_departamento,snapshot_date,date,YES,14
RAN_DE_DW_200_SILVER,silver,fact_gobernanza_departamento,dw_created_at,datetime2,YES,15
RAN_DE_DW_200_SILVER,silver,fact_gobernanza_departamento,dw_updated_at,datetime2,YES,16
RAN_DE_DW_200_SILVER,silver,fact_inventario_workstations,workstation_sk,bigint,NO,1
RAN_DE_DW_200_SILVER,silver,fact_inventario_workstations,department_fk,bigint,YES,2
RAN_DE_DW_200_SILVER,silver,fact_inventario_workstations,hostname,varchar,NO,3
RAN_DE_DW_200_SILVER,silver,fact_inventario_workstations,reporting_group,varchar,YES,4
RAN_DE_DW_200_SILVER,silver,fact_inventario_workstations,reporting_group_block,varchar,YES,5
RAN_DE_DW_200_SILVER,silver,fact_inventario_workstations,reporting_group_name,varchar,YES,6
RAN_DE_DW_200_SILVER,silver,fact_inventario_workstations,last_user,varchar,YES,7
RAN_DE_DW_200_SILVER,silver,fact_inventario_workstations,operating_system,varchar,YES,8
RAN_DE_DW_200_SILVER,silver,fact_inventario_workstations,os_build,varchar,YES,9
RAN_DE_DW_200_SILVER,silver,fact_inventario_workstations,os_family,varchar,YES,10
RAN_DE_DW_200_SILVER,silver,fact_inventario_workstations,os_version_major,int,YES,11
RAN_DE_DW_200_SILVER,silver,fact_inventario_workstations,antivirus_product,varchar,YES,12
RAN_DE_DW_200_SILVER,silver,fact_inventario_workstations,antivirus_version,varchar,YES,13
RAN_DE_DW_200_SILVER,silver,fact_inventario_workstations,antivirus_details,varchar,YES,14
RAN_DE_DW_200_SILVER,silver,fact_inventario_workstations,antivirus_status,varchar,YES,15
RAN_DE_DW_200_SILVER,silver,fact_inventario_workstations,has_antivirus,bit,YES,16
RAN_DE_DW_200_SILVER,silver,fact_inventario_workstations,antivirus_working,bit,YES,17
RAN_DE_DW_200_SILVER,silver,fact_inventario_workstations,defender_status,varchar,YES,18
RAN_DE_DW_200_SILVER,silver,fact_inventario_workstations,edr_solution,varchar,YES,19
RAN_DE_DW_200_SILVER,silver,fact_inventario_workstations,edr_version,varchar,YES,20
RAN_DE_DW_200_SILVER,silver,fact_inventario_workstations,edr_status,varchar,YES,21
RAN_DE_DW_200_SILVER,silver,fact_inventario_workstations,has_active_detections,bit,YES,22
RAN_DE_DW_200_SILVER,silver,fact_inventario_workstations,has_edr,bit,YES,23
RAN_DE_DW_200_SILVER,silver,fact_inventario_workstations,pending_updates_count,int,YES,24
RAN_DE_DW_200_SILVER,silver,fact_inventario_workstations,last_windows_update,date,YES,25
RAN_DE_DW_200_SILVER,silver,fact_inventario_workstations,days_since_last_update,int,YES,26
RAN_DE_DW_200_SILVER,silver,fact_inventario_workstations,is_patch_compliant,bit,YES,27
RAN_DE_DW_200_SILVER,silver,fact_inventario_workstations,critical_updates_flag,bit,YES,28
RAN_DE_DW_200_SILVER,silver,fact_inventario_workstations,tpm_version,varchar,YES,29
RAN_DE_DW_200_SILVER,silver,fact_inventario_workstations,encryption_status,varchar,YES,30
RAN_DE_DW_200_SILVER,silver,fact_inventario_workstations,is_encrypted,bit,YES,31
RAN_DE_DW_200_SILVER,silver,fact_inventario_workstations,has_tpm,bit,YES,32
RAN_DE_DW_200_SILVER,silver,fact_inventario_workstations,security_score,decimal,YES,33
RAN_DE_DW_200_SILVER,silver,fact_inventario_workstations,compliance_level,varchar,YES,34
RAN_DE_DW_200_SILVER,silver,fact_inventario_workstations,risk_level,varchar,YES,35
RAN_DE_DW_200_SILVER,silver,fact_inventario_workstations,is_high_risk,bit,YES,36
RAN_DE_DW_200_SILVER,silver,fact_inventario_workstations,has_security_alerts,bit,YES,37
RAN_DE_DW_200_SILVER,silver,fact_inventario_workstations,needs_attention,bit,YES,38
RAN_DE_DW_200_SILVER,silver,fact_inventario_workstations,snapshot_date,date,YES,39
RAN_DE_DW_200_SILVER,silver,fact_inventario_workstations,dw_created_at,datetime2,YES,40
RAN_DE_DW_200_SILVER,silver,fact_inventario_workstations,dw_updated_at,datetime2,YES,41
RAN_DE_DW_200_SILVER,silver,fact_inventario_workstations,is_os_obsolete,bit,YES,42
RAN_DE_DW_200_SILVER,silver,fact_inventario_workstations,os_obsolete_catalog_match,bit,YES,43
RAN_DE_DW_200_SILVER,silver,fact_mfa_o365,mfa_o365_sk,bigint,NO,1
RAN_DE_DW_200_SILVER,silver,fact_mfa_o365,department_fk,bigint,YES,2
RAN_DE_DW_200_SILVER,silver,fact_mfa_o365,department_code_raw,varchar,YES,3
RAN_DE_DW_200_SILVER,silver,fact_mfa_o365,department_name_raw,varchar,YES,4
RAN_DE_DW_200_SILVER,silver,fact_mfa_o365,department_literal_raw,varchar,YES,5
RAN_DE_DW_200_SILVER,silver,fact_mfa_o365,target_users,int,YES,6
RAN_DE_DW_200_SILVER,silver,fact_mfa_o365,mfa_active_users,int,YES,7
RAN_DE_DW_200_SILVER,silver,fact_mfa_o365,mfa_active_pct,decimal,YES,8
RAN_DE_DW_200_SILVER,silver,fact_mfa_o365,mfa_available_users,int,YES,9
RAN_DE_DW_200_SILVER,silver,fact_mfa_o365,mfa_available_pct,decimal,YES,10
RAN_DE_DW_200_SILVER,silver,fact_mfa_o365,snapshot_date,date,YES,11
RAN_DE_DW_200_SILVER,silver,fact_mfa_o365,dw_created_at,datetime2,YES,12
RAN_DE_DW_200_SILVER,silver,fact_mfa_o365,dw_updated_at,datetime2,YES,13
RAN_DE_DW_200_SILVER,silver,fact_mfa_vpn,mfa_vpn_sk,bigint,NO,1
RAN_DE_DW_200_SILVER,silver,fact_mfa_vpn,department_fk,bigint,YES,2
RAN_DE_DW_200_SILVER,silver,fact_mfa_vpn,department_name_raw,varchar,YES,3
RAN_DE_DW_200_SILVER,silver,fact_mfa_vpn,service_type,varchar,YES,4
RAN_DE_DW_200_SILVER,silver,fact_mfa_vpn,mfa_active_users,int,YES,5
RAN_DE_DW_200_SILVER,silver,fact_mfa_vpn,mfa_target_users,int,YES,6
RAN_DE_DW_200_SILVER,silver,fact_mfa_vpn,mfa_active_pct,decimal,YES,7
RAN_DE_DW_200_SILVER,silver,fact_mfa_vpn,mfa_available_users,int,YES,8
RAN_DE_DW_200_SILVER,silver,fact_mfa_vpn,source_name_raw,varchar,YES,9
RAN_DE_DW_200_SILVER,silver,fact_mfa_vpn,snapshot_date,date,YES,10
RAN_DE_DW_200_SILVER,silver,fact_mfa_vpn,dw_created_at,datetime2,YES,11
RAN_DE_DW_200_SILVER,silver,fact_mfa_vpn,dw_updated_at,datetime2,YES,12
RAN_DE_DW_200_SILVER,silver,fact_o365_vpn,o365_vpn_sk,bigint,NO,1
RAN_DE_DW_200_SILVER,silver,fact_o365_vpn,department_fk,bigint,YES,2
RAN_DE_DW_200_SILVER,silver,fact_o365_vpn,department_name_raw,varchar,YES,3
RAN_DE_DW_200_SILVER,silver,fact_o365_vpn,generic_accounts,int,YES,4
RAN_DE_DW_200_SILVER,silver,fact_o365_vpn,nominal_accounts,int,YES,5
RAN_DE_DW_200_SILVER,silver,fact_o365_vpn,shared_accounts,int,YES,6
RAN_DE_DW_200_SILVER,silver,fact_o365_vpn,total_accounts,int,YES,7
RAN_DE_DW_200_SILVER,silver,fact_o365_vpn,snapshot_date,date,YES,8
RAN_DE_DW_200_SILVER,silver,fact_o365_vpn,dw_created_at,datetime2,YES,9
RAN_DE_DW_200_SILVER,silver,fact_o365_vpn,dw_updated_at,datetime2,YES,10
RAN_DE_DW_200_SILVER,silver,fact_perimetro,perimetro_sk,bigint,NO,1
RAN_DE_DW_200_SILVER,silver,fact_perimetro,id_perimeter,int,YES,2
RAN_DE_DW_200_SILVER,silver,fact_perimetro,id_application,int,YES,3
RAN_DE_DW_200_SILVER,silver,fact_perimetro,snapshot_date,date,YES,4
RAN_DE_DW_200_SILVER,silver,fact_perimetro,dialog_code,varchar,YES,5
RAN_DE_DW_200_SILVER,silver,fact_perimetro,application_name,varchar,YES,6
RAN_DE_DW_200_SILVER,silver,fact_perimetro,status,varchar,YES,7
RAN_DE_DW_200_SILVER,silver,fact_perimetro,is_internal_app,varchar,YES,8
RAN_DE_DW_200_SILVER,silver,fact_perimetro,perimeter_level,int,YES,9
RAN_DE_DW_200_SILVER,silver,fact_perimetro,ctti_criticality,varchar,YES,10
RAN_DE_DW_200_SILVER,silver,fact_perimetro,has_ip,int,YES,11
RAN_DE_DW_200_SILVER,silver,fact_perimetro,has_private_ip,int,YES,12
RAN_DE_DW_200_SILVER,silver,fact_perimetro,has_matrix,int,YES,13
RAN_DE_DW_200_SILVER,silver,fact_perimetro,has_architecture,int,YES,14
RAN_DE_DW_200_SILVER,silver,fact_perimetro,has_threat_model,int,YES,15
RAN_DE_DW_200_SILVER,silver,fact_perimetro,has_antiddos,int,YES,16
RAN_DE_DW_200_SILVER,silver,fact_perimetro,has_waf,int,YES,17
RAN_DE_DW_200_SILVER,silver,fact_perimetro,has_ips,int,YES,18
RAN_DE_DW_200_SILVER,silver,fact_perimetro,has_service_ips,int,YES,19
RAN_DE_DW_200_SILVER,silver,fact_perimetro,has_proxy,int,YES,20
RAN_DE_DW_200_SILVER,silver,fact_perimetro,has_iron_port,int,YES,21
RAN_DE_DW_200_SILVER,silver,fact_perimetro,has_centralized_antivirus,int,YES,22
RAN_DE_DW_200_SILVER,silver,fact_perimetro,has_host_antivirus,int,YES,23
RAN_DE_DW_200_SILVER,silver,fact_perimetro,has_edr,int,YES,24
RAN_DE_DW_200_SILVER,silver,fact_perimetro,has_logs_sending,int,YES,25
RAN_DE_DW_200_SILVER,silver,fact_perimetro,has_telemetrics,int,YES,26
RAN_DE_DW_200_SILVER,silver,fact_perimetro,has_visibility,int,YES,27
RAN_DE_DW_200_SILVER,silver,fact_perimetro,has_digital_monitorization,int,YES,28
RAN_DE_DW_200_SILVER,silver,fact_perimetro,has_analyzed_code,int,YES,29
RAN_DE_DW_200_SILVER,silver,fact_perimetro,has_annual_pentest,int,YES,30
RAN_DE_DW_200_SILVER,silver,fact_perimetro,has_email_navigation,int,YES,31
RAN_DE_DW_200_SILVER,silver,fact_perimetro,has_block_email_navigation,int,YES,32
RAN_DE_DW_200_SILVER,silver,fact_perimetro,base_attributes_noncompleted,int,YES,33
RAN_DE_DW_200_SILVER,silver,fact_perimetro,advanced_attributes_noncompleted,int,YES,34
RAN_DE_DW_200_SILVER,silver,fact_perimetro,total_attributes_noncompleted,int,YES,35
RAN_DE_DW_200_SILVER,silver,fact_perimetro,info_base_noncompleted,int,YES,36
RAN_DE_DW_200_SILVER,silver,fact_perimetro,total_controls_checked,int,YES,37
RAN_DE_DW_200_SILVER,silver,fact_perimetro,security_score,int,YES,38
RAN_DE_DW_200_SILVER,silver,fact_perimetro,dw_created_at,datetime2,YES,39
RAN_DE_DW_200_SILVER,silver,fact_perimetro,dw_updated_at,datetime2,YES,40
RAN_DE_DW_200_SILVER,silver,fact_ticket_alerta_departamento,source_department_code,varchar,YES,1
RAN_DE_DW_200_SILVER,silver,fact_ticket_alerta_departamento,source_department_name,varchar,YES,2
RAN_DE_DW_200_SILVER,silver,fact_ticket_alerta_departamento,codigo_departamento,varchar,YES,3
RAN_DE_DW_200_SILVER,silver,fact_ticket_alerta_departamento,nombre_departamento,varchar,YES,4
RAN_DE_DW_200_SILVER,silver,fact_ticket_alerta_departamento,tickets_tancat,int,NO,5
RAN_DE_DW_200_SILVER,silver,fact_ticket_alerta_departamento,criterio_estado,varchar,NO,6
RAN_DE_DW_200_SILVER,silver,fact_ticket_alerta_departamento,synced_at,datetime2,YES,7
RAN_DE_DW_200_SILVER,silver,fact_training,training_sk,bigint,NO,1
RAN_DE_DW_200_SILVER,silver,fact_training,entity_fk,bigint,YES,2
RAN_DE_DW_200_SILVER,silver,fact_training,department_fk,bigint,YES,3
RAN_DE_DW_200_SILVER,silver,fact_training,department_entity_id,varchar,YES,4
RAN_DE_DW_200_SILVER,silver,fact_training,ambit_fk,bigint,YES,5
RAN_DE_DW_200_SILVER,silver,fact_training,bronze_id,varchar,NO,6
RAN_DE_DW_200_SILVER,silver,fact_training,training_code,varchar,YES,7
RAN_DE_DW_200_SILVER,silver,fact_training,training_title,varchar,YES,8
RAN_DE_DW_200_SILVER,silver,fact_training,training_description,varchar,YES,9
RAN_DE_DW_200_SILVER,silver,fact_training,training_type,varchar,YES,10
RAN_DE_DW_200_SILVER,silver,fact_training,training_status,varchar,YES,11
RAN_DE_DW_200_SILVER,silver,fact_training,attendees,int,YES,12
RAN_DE_DW_200_SILVER,silver,fact_training,registered,int,YES,13
RAN_DE_DW_200_SILVER,silver,fact_training,passed,int,YES,14
RAN_DE_DW_200_SILVER,silver,fact_training,global_assessment,real,YES,15
RAN_DE_DW_200_SILVER,silver,fact_training,start_date,date,YES,16
RAN_DE_DW_200_SILVER,silver,fact_training,end_date,date,YES,17
RAN_DE_DW_200_SILVER,silver,fact_training,edition_year,int,YES,18
RAN_DE_DW_200_SILVER,silver,fact_training,start_time,varchar,YES,19
RAN_DE_DW_200_SILVER,silver,fact_training,trainer_name,varchar,YES,20
RAN_DE_DW_200_SILVER,silver,fact_training,place,varchar,YES,21
RAN_DE_DW_200_SILVER,silver,fact_training,address,varchar,YES,22
RAN_DE_DW_200_SILVER,silver,fact_training,room_building,varchar,YES,23
RAN_DE_DW_200_SILVER,silver,fact_training,contact_name,varchar,YES,24
RAN_DE_DW_200_SILVER,silver,fact_training,phone_number,varchar,YES,25
RAN_DE_DW_200_SILVER,silver,fact_training,email,varchar,YES,26
RAN_DE_DW_200_SILVER,silver,fact_training,comments,varchar,YES,27
RAN_DE_DW_200_SILVER,silver,fact_training,has_file,bit,YES,28
RAN_DE_DW_200_SILVER,silver,fact_training,is_active,bit,YES,29
RAN_DE_DW_200_SILVER,silver,fact_training,deletion_date,date,YES,30
RAN_DE_DW_200_SILVER,silver,fact_training,source_last_modified,datetime2,YES,31
RAN_DE_DW_200_SILVER,silver,fact_training,dw_created_at,datetime2,YES,32
RAN_DE_DW_200_SILVER,silver,fact_training,dw_updated_at,datetime2,YES,33
RAN_DE_DW_200_SILVER,silver,fact_vulnerabilidad,vulnerability_sk,bigint,NO,1
RAN_DE_DW_200_SILVER,silver,fact_vulnerabilidad,entity_fk,bigint,YES,2
RAN_DE_DW_200_SILVER,silver,fact_vulnerabilidad,ambit_fk,bigint,YES,3
RAN_DE_DW_200_SILVER,silver,fact_vulnerabilidad,dialog_fk,bigint,YES,4
RAN_DE_DW_200_SILVER,silver,fact_vulnerabilidad,key_app_bk,int,YES,5
RAN_DE_DW_200_SILVER,silver,fact_vulnerabilidad,bronze_id,int,NO,6
RAN_DE_DW_200_SILVER,silver,fact_vulnerabilidad,vulnerability_code,varchar,NO,7
RAN_DE_DW_200_SILVER,silver,fact_vulnerabilidad,scan_date,date,NO,8
RAN_DE_DW_200_SILVER,silver,fact_vulnerabilidad,vulnerability_type,varchar,YES,9
RAN_DE_DW_200_SILVER,silver,fact_vulnerabilidad,vulnerability_name,varchar,YES,10
RAN_DE_DW_200_SILVER,silver,fact_vulnerabilidad,risk_level,varchar,YES,11
RAN_DE_DW_200_SILVER,silver,fact_vulnerabilidad,risk_severity,smallint,YES,12
RAN_DE_DW_200_SILVER,silver,fact_vulnerabilidad,detection_tool,varchar,YES,13
RAN_DE_DW_200_SILVER,silver,fact_vulnerabilidad,source_ip,varchar,YES,14
RAN_DE_DW_200_SILVER,silver,fact_vulnerabilidad,tag,varchar,YES,15
RAN_DE_DW_200_SILVER,silver,fact_vulnerabilidad,creation_date,date,YES,16
RAN_DE_DW_200_SILVER,silver,fact_vulnerabilidad,register_date,date,YES,17
RAN_DE_DW_200_SILVER,silver,fact_vulnerabilidad,remediation_date,date,YES,18
RAN_DE_DW_200_SILVER,silver,fact_vulnerabilidad,inactivity_date,date,YES,19
RAN_DE_DW_200_SILVER,silver,fact_vulnerabilidad,is_active,bit,YES,20
RAN_DE_DW_200_SILVER,silver,fact_vulnerabilidad,is_active_custom,bit,YES,21
RAN_DE_DW_200_SILVER,silver,fact_vulnerabilidad,days_open,int,YES,22
RAN_DE_DW_200_SILVER,silver,fact_vulnerabilidad,days_to_remediate,int,YES,23
RAN_DE_DW_200_SILVER,silver,fact_vulnerabilidad,dw_created_at,datetime2,YES,24
RAN_DE_DW_200_SILVER,silver,fact_vulnerabilidad,dw_updated_at,datetime2,YES,25
RAN_DE_DW_200_SILVER,silver,inv_app_component,i_code_app,int,YES,1
RAN_DE_DW_200_SILVER,silver,inv_app_component,fk_component,int,YES,2
RAN_DE_DW_200_SILVER,silver,inv_app_component,d_component_code,varchar,YES,3
RAN_DE_DW_200_SILVER,silver,inv_app_component,d_name_app,varchar,YES,4
RAN_DE_DW_200_SILVER,silver,inv_app_component,d_description,varchar,YES,5
RAN_DE_DW_200_SILVER,silver,inv_app_component,d_app_type,varchar,YES,6
RAN_DE_DW_200_SILVER,silver,inv_app_component,i_sic,int,YES,7
RAN_DE_DW_200_SILVER,silver,inv_app_component,i_eix_sic,int,YES,8
RAN_DE_DW_200_SILVER,silver,inv_app_component,fk_lot_app,int,YES,9
RAN_DE_DW_200_SILVER,silver,inv_app_component,fk_lot_cpd,int,YES,10
RAN_DE_DW_200_SILVER,silver,inv_app_component,fk_all_entities,varchar,YES,11
RAN_DE_DW_200_SILVER,silver,inv_app_component,fk_status,int,YES,12
RAN_DE_DW_200_SILVER,silver,inv_app_component,fk_security,int,YES,13
RAN_DE_DW_200_SILVER,silver,inv_app_component,d_number_consultant_users,varchar,YES,14
RAN_DE_DW_200_SILVER,silver,inv_app_component,d_integration_gicar_authentication,varchar,YES,15
RAN_DE_DW_200_SILVER,silver,inv_app_component,d_integration_gicar_provisioning,varchar,YES,16
RAN_DE_DW_200_SILVER,silver,inv_app_component,d_platform,varchar,YES,17
RAN_DE_DW_200_SILVER,silver,inv_app_component,d_solution_owner,varchar,YES,18
RAN_DE_DW_200_SILVER,silver,inv_app_component,d_aplication_server,varchar,YES,19
RAN_DE_DW_200_SILVER,silver,inv_app_component,d_database,varchar,YES,20
RAN_DE_DW_200_SILVER,silver,inv_app_component,d_rto,varchar,YES,21
RAN_DE_DW_200_SILVER,silver,inv_app_component,d_rpo,varchar,YES,22
RAN_DE_DW_200_SILVER,silver,inv_app_component,b_managed_cdc,int,YES,23
RAN_DE_DW_200_SILVER,silver,inv_app_component,b_cmdb,int,YES,24
RAN_DE_DW_200_SILVER,silver,inv_app_component,b_functional_cau,int,YES,25
RAN_DE_DW_200_SILVER,silver,inv_app_component,b_custom_mobile_app,int,YES,26
RAN_DE_DW_200_SILVER,silver,inv_app_component,b_monitored_app,int,YES,27
RAN_DE_DW_200_SILVER,silver,inv_app_component,b_app_ext_support,int,YES,28
RAN_DE_DW_200_SILVER,silver,inv_app_component,i_business_criticality_level,int,YES,29
RAN_DE_DW_200_SILVER,silver,inv_app_component,i_service_layer1,varchar,YES,30
RAN_DE_DW_200_SILVER,silver,inv_app_component,i_service_layer2,varchar,YES,31
RAN_DE_DW_200_SILVER,silver,inv_app_component,i_service_layer3,varchar,YES,32
RAN_DE_DW_200_SILVER,silver,inv_app_component,i_service_layer4,varchar,YES,33
RAN_DE_DW_200_SILVER,silver,inv_app_component,i_service_layer5,varchar,YES,34
RAN_DE_DW_200_SILVER,silver,inv_app_component,i_service_layer6,varchar,YES,35
RAN_DE_DW_200_SILVER,silver,inv_app_component,i_service_layer7,varchar,YES,36
RAN_DE_DW_200_SILVER,silver,inv_app_component,i_service_layer8,varchar,YES,37
RAN_DE_DW_200_SILVER,silver,inv_app_component,da_start_date,date,YES,38
RAN_DE_DW_200_SILVER,silver,inv_app_component,da_end_date,date,YES,39
RAN_DE_DW_200_SILVER,silver,inv_app_component,i_implementation_year,int,YES,40
RAN_DE_DW_200_SILVER,silver,inv_app_component,b_active,int,YES,41
RAN_DE_DW_200_SILVER,silver,inv_app_component,is_active_norm,bit,YES,42
RAN_DE_DW_200_SILVER,silver,inv_app_component,dt_etl_date,datetime2,YES,43
RAN_DE_DW_200_SILVER,silver,inv_app_component,dt_modification_date,datetime2,YES,44
RAN_DE_DW_200_SILVER,silver,inv_app_component,d_snapshot,varchar,YES,45
RAN_DE_DW_200_SILVER,silver,inv_app_component,d_file_name,varchar,YES,46
RAN_DE_DW_200_SILVER,silver,inv_app_component,source_system,varchar,YES,47
RAN_DE_DW_200_SILVER,silver,inv_app_component,source_table,varchar,YES,48
RAN_DE_DW_200_SILVER,silver,inv_app_component,dt_load_silver,datetime2,YES,49
RAN_DE_DW_200_SILVER,silver,inv_app_component_host_current,i_code_app,int,YES,1
RAN_DE_DW_200_SILVER,silver,inv_app_component_host_current,i_sic,int,YES,2
RAN_DE_DW_200_SILVER,silver,inv_app_component_host_current,d_name_app,varchar,YES,3
RAN_DE_DW_200_SILVER,silver,inv_app_component_host_current,fk_component,int,YES,4
RAN_DE_DW_200_SILVER,silver,inv_app_component_host_current,d_component_code,varchar,YES,5
RAN_DE_DW_200_SILVER,silver,inv_app_component_host_current,fk_service,int,YES,6
RAN_DE_DW_200_SILVER,silver,inv_app_component_host_current,d_service_code,varchar,YES,7
RAN_DE_DW_200_SILVER,silver,inv_app_component_host_current,d_service_name,varchar,YES,8
RAN_DE_DW_200_SILVER,silver,inv_app_component_host_current,id_ip,bigint,YES,9
RAN_DE_DW_200_SILVER,silver,inv_app_component_host_current,d_ip_address,varchar,YES,10
RAN_DE_DW_200_SILVER,silver,inv_app_component_host_current,fk_hostname,int,YES,11
RAN_DE_DW_200_SILVER,silver,inv_app_component_host_current,d_host_name,varchar,YES,12
RAN_DE_DW_200_SILVER,silver,inv_app_component_host_current,hostname_norm,varchar,YES,13
RAN_DE_DW_200_SILVER,silver,inv_app_component_host_current,fk_all_entities,varchar,YES,14
RAN_DE_DW_200_SILVER,silver,inv_app_component_host_current,entity_name,varchar,YES,15
RAN_DE_DW_200_SILVER,silver,inv_app_component_host_current,entity_short_name,varchar,YES,16
RAN_DE_DW_200_SILVER,silver,inv_app_component_host_current,id_department,int,YES,17
RAN_DE_DW_200_SILVER,silver,inv_app_component_host_current,d_department_code,varchar,YES,18
RAN_DE_DW_200_SILVER,silver,inv_app_component_host_current,d_department_name,varchar,YES,19
RAN_DE_DW_200_SILVER,silver,inv_app_component_host_current,fk_lot_cpd,int,YES,20
RAN_DE_DW_200_SILVER,silver,inv_app_component_host_current,fk_security,int,YES,21
RAN_DE_DW_200_SILVER,silver,inv_app_component_host_current,d_security,varchar,YES,22
RAN_DE_DW_200_SILVER,silver,inv_app_component_host_current,i_business_criticality_level,int,YES,23
RAN_DE_DW_200_SILVER,silver,inv_app_component_host_current,d_rto,varchar,YES,24
RAN_DE_DW_200_SILVER,silver,inv_app_component_host_current,d_rpo,varchar,YES,25
RAN_DE_DW_200_SILVER,silver,inv_app_component_host_current,d_number_consultant_users,varchar,YES,26
RAN_DE_DW_200_SILVER,silver,inv_app_component_host_current,num_usuarios_max_silver,int,YES,27
RAN_DE_DW_200_SILVER,silver,inv_app_component_host_current,is_t11,bit,YES,28
RAN_DE_DW_200_SILVER,silver,inv_app_component_host_current,d_integration_gicar_authentication,varchar,YES,29
RAN_DE_DW_200_SILVER,silver,inv_app_component_host_current,d_integration_gicar_provisioning,varchar,YES,30
RAN_DE_DW_200_SILVER,silver,inv_app_component_host_current,has_gicar,bit,YES,31
RAN_DE_DW_200_SILVER,silver,inv_app_component_host_current,d_snapshot_app,varchar,YES,32
RAN_DE_DW_200_SILVER,silver,inv_app_component_host_current,d_snapshot_ip,varchar,YES,33
RAN_DE_DW_200_SILVER,silver,inv_app_component_host_current,dw_updated_at,datetime2,YES,34
RAN_DE_DW_200_SILVER,silver,inv_app_lot,fk_app,bigint,YES,1
RAN_DE_DW_200_SILVER,silver,inv_app_lot,fk_component,bigint,YES,2
RAN_DE_DW_200_SILVER,silver,inv_app_lot,fk_lot,int,YES,3
RAN_DE_DW_200_SILVER,silver,inv_app_lot,d_snapshot,varchar,YES,4
RAN_DE_DW_200_SILVER,silver,inv_app_lot,fk_source,int,YES,5
RAN_DE_DW_200_SILVER,silver,inv_app_lot,b_active,int,YES,6
RAN_DE_DW_200_SILVER,silver,inv_app_lot,is_active_norm,bit,YES,7
RAN_DE_DW_200_SILVER,silver,inv_app_lot,dt_etl_date,datetime2,YES,8
RAN_DE_DW_200_SILVER,silver,inv_app_lot,source_system,varchar,YES,9
RAN_DE_DW_200_SILVER,silver,inv_app_lot,source_table,varchar,YES,10
RAN_DE_DW_200_SILVER,silver,inv_app_lot,dt_load_silver,datetime2,YES,11
RAN_DE_DW_200_SILVER,silver,inv_component_service,fk_component,int,YES,1
RAN_DE_DW_200_SILVER,silver,inv_component_service,fk_service,int,YES,2
RAN_DE_DW_200_SILVER,silver,inv_component_service,dt_deletion_date,date,YES,3
RAN_DE_DW_200_SILVER,silver,inv_component_service,dt_modification_date,datetime2,YES,4
RAN_DE_DW_200_SILVER,silver,inv_component_service,b_active,int,YES,5
RAN_DE_DW_200_SILVER,silver,inv_component_service,is_active_norm,bit,YES,6
RAN_DE_DW_200_SILVER,silver,inv_component_service,dt_etl_date,datetime2,YES,7
RAN_DE_DW_200_SILVER,silver,inv_component_service,source_system,varchar,YES,8
RAN_DE_DW_200_SILVER,silver,inv_component_service,source_table,varchar,YES,9
RAN_DE_DW_200_SILVER,silver,inv_component_service,dt_load_silver,datetime2,YES,10
RAN_DE_DW_200_SILVER,silver,inv_departamento_app_host_current,id_department,int,YES,1
RAN_DE_DW_200_SILVER,silver,inv_departamento_app_host_current,d_department_code,varchar,YES,2
RAN_DE_DW_200_SILVER,silver,inv_departamento_app_host_current,d_department_name,varchar,YES,3
RAN_DE_DW_200_SILVER,silver,inv_departamento_app_host_current,source_id_department,int,YES,4
RAN_DE_DW_200_SILVER,silver,inv_departamento_app_host_current,source_department_code,varchar,YES,5
RAN_DE_DW_200_SILVER,silver,inv_departamento_app_host_current,source_department_name,varchar,YES,6
RAN_DE_DW_200_SILVER,silver,inv_departamento_app_host_current,is_risk_scope,bit,YES,7
RAN_DE_DW_200_SILVER,silver,inv_departamento_app_host_current,fk_all_entities,varchar,YES,8
RAN_DE_DW_200_SILVER,silver,inv_departamento_app_host_current,entity_name,varchar,YES,9
RAN_DE_DW_200_SILVER,silver,inv_departamento_app_host_current,i_code_app,int,YES,10
RAN_DE_DW_200_SILVER,silver,inv_departamento_app_host_current,i_sic,int,YES,11
RAN_DE_DW_200_SILVER,silver,inv_departamento_app_host_current,d_name_app,varchar,YES,12
RAN_DE_DW_200_SILVER,silver,inv_departamento_app_host_current,hostname_norm,varchar,YES,13
RAN_DE_DW_200_SILVER,silver,inv_departamento_app_host_current,d_host_name,varchar,YES,14
RAN_DE_DW_200_SILVER,silver,inv_departamento_app_host_current,dw_updated_at,datetime2,YES,15
RAN_DE_DW_200_SILVER,silver,inv_department,id_department,int,YES,1
RAN_DE_DW_200_SILVER,silver,inv_department,d_department_code,varchar,YES,2
RAN_DE_DW_200_SILVER,silver,inv_department,d_department_name,varchar,YES,3
RAN_DE_DW_200_SILVER,silver,inv_department,d_department_type,varchar,YES,4
RAN_DE_DW_200_SILVER,silver,inv_department,b_active,int,YES,5
RAN_DE_DW_200_SILVER,silver,inv_department,is_active_norm,bit,YES,6
RAN_DE_DW_200_SILVER,silver,inv_department,dt_start_date,date,YES,7
RAN_DE_DW_200_SILVER,silver,inv_department,dt_end_date,date,YES,8
RAN_DE_DW_200_SILVER,silver,inv_department,dt_modification_date,datetime2,YES,9
RAN_DE_DW_200_SILVER,silver,inv_department,dt_etl_date,datetime2,YES,10
RAN_DE_DW_200_SILVER,silver,inv_department,source_system,varchar,YES,11
RAN_DE_DW_200_SILVER,silver,inv_department,source_table,varchar,YES,12
RAN_DE_DW_200_SILVER,silver,inv_department,dt_load_silver,datetime2,YES,13
RAN_DE_DW_200_SILVER,silver,inv_entity,id,int,YES,1
RAN_DE_DW_200_SILVER,silver,inv_entity,id_entity,bigint,YES,2
RAN_DE_DW_200_SILVER,silver,inv_entity,id_all_entities,varchar,YES,3
RAN_DE_DW_200_SILVER,silver,inv_entity,id_intern,varchar,YES,4
RAN_DE_DW_200_SILVER,silver,inv_entity,entity_name,varchar,YES,5
RAN_DE_DW_200_SILVER,silver,inv_entity,entity_short_name,varchar,YES,6
RAN_DE_DW_200_SILVER,silver,inv_entity,fk_id_department,int,YES,7
RAN_DE_DW_200_SILVER,silver,inv_entity,fk_id_ambit,int,YES,8
RAN_DE_DW_200_SILVER,silver,inv_entity,b_active,int,YES,9
RAN_DE_DW_200_SILVER,silver,inv_entity,is_active_norm,bit,YES,10
RAN_DE_DW_200_SILVER,silver,inv_entity,dt_modification_date,datetime2,YES,11
RAN_DE_DW_200_SILVER,silver,inv_entity,dt_etl_date,datetime2,YES,12
RAN_DE_DW_200_SILVER,silver,inv_entity,source_system,varchar,YES,13
RAN_DE_DW_200_SILVER,silver,inv_entity,source_table,varchar,YES,14
RAN_DE_DW_200_SILVER,silver,inv_entity,dt_load_silver,datetime2,YES,15
RAN_DE_DW_200_SILVER,silver,inv_hostname,id_host_name,int,YES,1
RAN_DE_DW_200_SILVER,silver,inv_hostname,d_host_name,varchar,YES,2
RAN_DE_DW_200_SILVER,silver,inv_hostname,hostname_norm,varchar,YES,3
RAN_DE_DW_200_SILVER,silver,inv_hostname,dt_etl_date,datetime2,YES,4
RAN_DE_DW_200_SILVER,silver,inv_hostname,source_system,varchar,YES,5
RAN_DE_DW_200_SILVER,silver,inv_hostname,source_table,varchar,YES,6
RAN_DE_DW_200_SILVER,silver,inv_hostname,dt_load_silver,datetime2,YES,7
RAN_DE_DW_200_SILVER,silver,inv_ip,id_ip,bigint,YES,1
RAN_DE_DW_200_SILVER,silver,inv_ip,d_ip_address,varchar,YES,2
RAN_DE_DW_200_SILVER,silver,inv_ip,d_ip_version,varchar,YES,3
RAN_DE_DW_200_SILVER,silver,inv_ip,d_ip_type,varchar,YES,4
RAN_DE_DW_200_SILVER,silver,inv_ip,fk_entity,int,YES,5
RAN_DE_DW_200_SILVER,silver,inv_ip,fk_all_entities,varchar,YES,6
RAN_DE_DW_200_SILVER,silver,inv_ip,fk_department,int,YES,7
RAN_DE_DW_200_SILVER,silver,inv_ip,fk_environment,int,YES,8
RAN_DE_DW_200_SILVER,silver,inv_ip,fk_hostname,int,YES,9
RAN_DE_DW_200_SILVER,silver,inv_ip,fk_service,int,YES,10
RAN_DE_DW_200_SILVER,silver,inv_ip,i_cmo_fmo,int,YES,11
RAN_DE_DW_200_SILVER,silver,inv_ip,d_snapshot,varchar,YES,12
RAN_DE_DW_200_SILVER,silver,inv_ip,dt_deletion_date,date,YES,13
RAN_DE_DW_200_SILVER,silver,inv_ip,dt_modification_date,datetime2,YES,14
RAN_DE_DW_200_SILVER,silver,inv_ip,b_active,int,YES,15
RAN_DE_DW_200_SILVER,silver,inv_ip,is_active_norm,bit,YES,16
RAN_DE_DW_200_SILVER,silver,inv_ip,dt_etl_date,datetime2,YES,17
RAN_DE_DW_200_SILVER,silver,inv_ip,source_system,varchar,YES,18
RAN_DE_DW_200_SILVER,silver,inv_ip,source_table,varchar,YES,19
RAN_DE_DW_200_SILVER,silver,inv_ip,dt_load_silver,datetime2,YES,20
RAN_DE_DW_200_SILVER,silver,inv_ip_lot,fk_ip,bigint,YES,1
RAN_DE_DW_200_SILVER,silver,inv_ip_lot,fk_lot,int,YES,2
RAN_DE_DW_200_SILVER,silver,inv_ip_lot,d_snapshot,varchar,YES,3
RAN_DE_DW_200_SILVER,silver,inv_ip_lot,fk_source,int,YES,4
RAN_DE_DW_200_SILVER,silver,inv_ip_lot,b_active,int,YES,5
RAN_DE_DW_200_SILVER,silver,inv_ip_lot,is_active_norm,bit,YES,6
RAN_DE_DW_200_SILVER,silver,inv_ip_lot,dt_etl_date,datetime2,YES,7
RAN_DE_DW_200_SILVER,silver,inv_ip_lot,source_system,varchar,YES,8
RAN_DE_DW_200_SILVER,silver,inv_ip_lot,source_table,varchar,YES,9
RAN_DE_DW_200_SILVER,silver,inv_ip_lot,dt_load_silver,datetime2,YES,10
RAN_DE_DW_200_SILVER,silver,inv_lot,id_lot,int,YES,1
RAN_DE_DW_200_SILVER,silver,inv_lot,fk_supplier,int,YES,2
RAN_DE_DW_200_SILVER,silver,inv_lot,d_lot,varchar,YES,3
RAN_DE_DW_200_SILVER,silver,inv_lot,d_type,varchar,YES,4
RAN_DE_DW_200_SILVER,silver,inv_lot,b_active,int,YES,5
RAN_DE_DW_200_SILVER,silver,inv_lot,is_active_norm,bit,YES,6
RAN_DE_DW_200_SILVER,silver,inv_lot,dt_deletion_date,date,YES,7
RAN_DE_DW_200_SILVER,silver,inv_lot,dt_modification_date,datetime2,YES,8
RAN_DE_DW_200_SILVER,silver,inv_lot,dt_etl_date,datetime2,YES,9
RAN_DE_DW_200_SILVER,silver,inv_lot,source_system,varchar,YES,10
RAN_DE_DW_200_SILVER,silver,inv_lot,source_table,varchar,YES,11
RAN_DE_DW_200_SILVER,silver,inv_lot,dt_load_silver,datetime2,YES,12
RAN_DE_DW_200_SILVER,silver,inv_security,id_security,bigint,YES,1
RAN_DE_DW_200_SILVER,silver,inv_security,d_security,varchar,YES,2
RAN_DE_DW_200_SILVER,silver,inv_security,b_active,int,YES,3
RAN_DE_DW_200_SILVER,silver,inv_security,is_active_norm,bit,YES,4
RAN_DE_DW_200_SILVER,silver,inv_security,dt_etl_date,datetime2,YES,5
RAN_DE_DW_200_SILVER,silver,inv_security,source_system,varchar,YES,6
RAN_DE_DW_200_SILVER,silver,inv_security,source_table,varchar,YES,7
RAN_DE_DW_200_SILVER,silver,inv_security,dt_load_silver,datetime2,YES,8
RAN_DE_DW_200_SILVER,silver,inv_service,id_service,int,YES,1
RAN_DE_DW_200_SILVER,silver,inv_service,d_service_code,varchar,YES,2
RAN_DE_DW_200_SILVER,silver,inv_service,d_service_name,varchar,YES,3
RAN_DE_DW_200_SILVER,silver,inv_service,dt_deletion_date,date,YES,4
RAN_DE_DW_200_SILVER,silver,inv_service,dt_modification_date,datetime2,YES,5
RAN_DE_DW_200_SILVER,silver,inv_service,b_active,int,YES,6
RAN_DE_DW_200_SILVER,silver,inv_service,is_active_norm,bit,YES,7
RAN_DE_DW_200_SILVER,silver,inv_service,dt_etl_date,datetime2,YES,8
RAN_DE_DW_200_SILVER,silver,inv_service,source_system,varchar,YES,9
RAN_DE_DW_200_SILVER,silver,inv_service,source_table,varchar,YES,10
RAN_DE_DW_200_SILVER,silver,inv_service,dt_load_silver,datetime2,YES,11
RAN_DE_DW_200_SILVER,silver,inv_sic_atributos_current,i_code_app,int,YES,1
RAN_DE_DW_200_SILVER,silver,inv_sic_atributos_current,i_sic,int,YES,2
RAN_DE_DW_200_SILVER,silver,inv_sic_atributos_current,d_name_app,varchar,YES,3
RAN_DE_DW_200_SILVER,silver,inv_sic_atributos_current,component_count,int,YES,4
RAN_DE_DW_200_SILVER,silver,inv_sic_atributos_current,hostname_count,int,YES,5
RAN_DE_DW_200_SILVER,silver,inv_sic_atributos_current,fk_lot_cpd,int,YES,6
RAN_DE_DW_200_SILVER,silver,inv_sic_atributos_current,has_lot_cpd_conflict,bit,YES,7
RAN_DE_DW_200_SILVER,silver,inv_sic_atributos_current,business_criticality_level_max,int,YES,8
RAN_DE_DW_200_SILVER,silver,inv_sic_atributos_current,has_business_criticality_conflict,bit,YES,9
RAN_DE_DW_200_SILVER,silver,inv_sic_atributos_current,fk_security_max,int,YES,10
RAN_DE_DW_200_SILVER,silver,inv_sic_atributos_current,d_security_sample,varchar,YES,11
RAN_DE_DW_200_SILVER,silver,inv_sic_atributos_current,has_security_conflict,bit,YES,12
RAN_DE_DW_200_SILVER,silver,inv_sic_atributos_current,d_rto,varchar,YES,13
RAN_DE_DW_200_SILVER,silver,inv_sic_atributos_current,has_rto_conflict,bit,YES,14
RAN_DE_DW_200_SILVER,silver,inv_sic_atributos_current,d_number_consultant_users,varchar,YES,15
RAN_DE_DW_200_SILVER,silver,inv_sic_atributos_current,num_usuarios_max_silver,int,YES,16
RAN_DE_DW_200_SILVER,silver,inv_sic_atributos_current,has_users_tier_conflict,bit,YES,17
RAN_DE_DW_200_SILVER,silver,inv_sic_atributos_current,is_t11,bit,YES,18
RAN_DE_DW_200_SILVER,silver,inv_sic_atributos_current,d_integration_gicar_authentication,varchar,YES,19
RAN_DE_DW_200_SILVER,silver,inv_sic_atributos_current,d_integration_gicar_provisioning,varchar,YES,20
RAN_DE_DW_200_SILVER,silver,inv_sic_atributos_current,has_gicar,bit,YES,21
RAN_DE_DW_200_SILVER,silver,inv_sic_atributos_current,has_gicar_conflict,bit,YES,22
RAN_DE_DW_200_SILVER,silver,inv_sic_atributos_current,d_snapshot_app,varchar,YES,23
RAN_DE_DW_200_SILVER,silver,inv_sic_atributos_current,dw_updated_at,datetime2,YES,24
RAN_DE_DW_200_SILVER,silver,inv_sic_host_current,i_code_app,int,YES,1
RAN_DE_DW_200_SILVER,silver,inv_sic_host_current,i_sic,int,YES,2
RAN_DE_DW_200_SILVER,silver,inv_sic_host_current,d_name_app,varchar,YES,3
RAN_DE_DW_200_SILVER,silver,inv_sic_host_current,fk_hostname,int,YES,4
RAN_DE_DW_200_SILVER,silver,inv_sic_host_current,d_host_name,varchar,YES,5
RAN_DE_DW_200_SILVER,silver,inv_sic_host_current,hostname_norm,varchar,YES,6
RAN_DE_DW_200_SILVER,silver,inv_sic_host_current,host_app_count,int,YES,7
RAN_DE_DW_200_SILVER,silver,inv_sic_host_current,dw_updated_at,datetime2,YES,8
RAN_DE_DW_200_SILVER,silver,inv_supplier,id_supplier,int,YES,1
RAN_DE_DW_200_SILVER,silver,inv_supplier,d_supplier_name,varchar,YES,2
RAN_DE_DW_200_SILVER,silver,inv_supplier,b_active,int,YES,3
RAN_DE_DW_200_SILVER,silver,inv_supplier,is_active_norm,bit,YES,4
RAN_DE_DW_200_SILVER,silver,inv_supplier,dt_deletion_date,date,YES,5
RAN_DE_DW_200_SILVER,silver,inv_supplier,dt_modification_date,datetime2,YES,6
RAN_DE_DW_200_SILVER,silver,inv_supplier,dt_etl_date,datetime2,YES,7
RAN_DE_DW_200_SILVER,silver,inv_supplier,source_system,varchar,YES,8
RAN_DE_DW_200_SILVER,silver,inv_supplier,source_table,varchar,YES,9
RAN_DE_DW_200_SILVER,silver,inv_supplier,dt_load_silver,datetime2,YES,10
RAN_DE_DW_200_SILVER,silver,map_host_app_current,hostname_norm,varchar,NO,1
RAN_DE_DW_200_SILVER,silver,map_host_app_current,hostname_raw,varchar,YES,2
RAN_DE_DW_200_SILVER,silver,map_host_app_current,key_app,int,NO,3
RAN_DE_DW_200_SILVER,silver,map_host_app_current,source_system,varchar,YES,4
RAN_DE_DW_200_SILVER,silver,map_host_app_current,source_priority,int,YES,5
RAN_DE_DW_200_SILVER,silver,map_host_app_current,source_updated_at,datetime2,YES,6
RAN_DE_DW_200_SILVER,silver,map_host_app_current,dw_updated_at,datetime2,YES,7
RAN_DE_DW_200_SILVER,silver,ref_amenaca_sic,amenaca_id,int,NO,1
RAN_DE_DW_200_SILVER,silver,ref_amenaca_sic,id_amenaca,varchar,NO,2
RAN_DE_DW_200_SILVER,silver,ref_amenaca_sic,amenaca_acc,varchar,NO,3
RAN_DE_DW_200_SILVER,silver,ref_amenaca_sic,dw_created_date,datetime2,YES,4
RAN_DE_DW_200_SILVER,silver,ref_amenaca_sic,dw_modified_date,datetime2,YES,5
RAN_DE_DW_200_SILVER,silver,ref_control_risc_amenaca_sic,dominio_modelo,varchar,NO,1
RAN_DE_DW_200_SILVER,silver,ref_control_risc_amenaca_sic,tipo_control,varchar,NO,2
RAN_DE_DW_200_SILVER,silver,ref_control_risc_amenaca_sic,bloque,int,NO,3
RAN_DE_DW_200_SILVER,silver,ref_control_risc_amenaca_sic,codigo_regla,int,NO,4
RAN_DE_DW_200_SILVER,silver,ref_control_risc_amenaca_sic,id_risc,int,NO,5
RAN_DE_DW_200_SILVER,silver,ref_control_risc_amenaca_sic,risc,varchar,NO,6
RAN_DE_DW_200_SILVER,silver,ref_control_risc_amenaca_sic,id_amenaca,varchar,NO,7
RAN_DE_DW_200_SILVER,silver,ref_control_risc_amenaca_sic,amenaca_acc,varchar,NO,8
RAN_DE_DW_200_SILVER,silver,ref_control_risc_amenaca_sic,dw_created_date,datetime2,YES,9
RAN_DE_DW_200_SILVER,silver,ref_control_risc_amenaca_sic,dw_modified_date,datetime2,YES,10
RAN_DE_DW_200_SILVER,silver,ref_control_risc_amenaca_sic,dominio_modelo_visible,varchar,YES,11
RAN_DE_DW_200_SILVER,silver,ref_lldt_service_provider_department,department_code,varchar,NO,1
RAN_DE_DW_200_SILVER,silver,ref_lldt_service_provider_department,department_name,varchar,YES,2
RAN_DE_DW_200_SILVER,silver,ref_lldt_service_provider_department,service_block,varchar,YES,3
RAN_DE_DW_200_SILVER,silver,ref_lldt_service_provider_department,service_provider,varchar,YES,4
RAN_DE_DW_200_SILVER,silver,ref_lldt_service_provider_department,service_provider_norm,varchar,YES,5
RAN_DE_DW_200_SILVER,silver,ref_lldt_service_provider_department,service_lot,varchar,YES,6
RAN_DE_DW_200_SILVER,silver,ref_lldt_service_provider_department,is_defined_provider,bit,NO,7
RAN_DE_DW_200_SILVER,silver,ref_lldt_service_provider_department,dw_updated_at,datetime2,NO,8
RAN_DE_DW_200_SILVER,silver,ref_mitre_tactic,tactic_id,bigint,NO,1
RAN_DE_DW_200_SILVER,silver,ref_mitre_tactic,mitre_tactic_code,varchar,NO,2
RAN_DE_DW_200_SILVER,silver,ref_mitre_tactic,tactic_name,varchar,YES,3
RAN_DE_DW_200_SILVER,silver,ref_mitre_tactic,description,varchar,YES,4
RAN_DE_DW_200_SILVER,silver,ref_mitre_tactic,domain,varchar,YES,5
RAN_DE_DW_200_SILVER,silver,ref_mitre_tactic,mitre_long_id,varchar,YES,6
RAN_DE_DW_200_SILVER,silver,ref_mitre_tactic,mitre_url,varchar,YES,7
RAN_DE_DW_200_SILVER,silver,ref_mitre_tactic,spec_version,varchar,YES,8
RAN_DE_DW_200_SILVER,silver,ref_mitre_tactic,dw_created_date,datetime2,YES,9
RAN_DE_DW_200_SILVER,silver,ref_mitre_tactic,dw_modified_date,datetime2,YES,10
RAN_DE_DW_200_SILVER,silver,ref_mitre_technique,technique_id,bigint,NO,1
RAN_DE_DW_200_SILVER,silver,ref_mitre_technique,mitre_technique_code,varchar,NO,2
RAN_DE_DW_200_SILVER,silver,ref_mitre_technique,technique_name,varchar,YES,3
RAN_DE_DW_200_SILVER,silver,ref_mitre_technique,description,varchar,YES,4
RAN_DE_DW_200_SILVER,silver,ref_mitre_technique,domain,varchar,YES,5
RAN_DE_DW_200_SILVER,silver,ref_mitre_technique,mitre_long_id,varchar,YES,6
RAN_DE_DW_200_SILVER,silver,ref_mitre_technique,mitre_url,varchar,YES,7
RAN_DE_DW_200_SILVER,silver,ref_mitre_technique,spec_version,varchar,YES,8
RAN_DE_DW_200_SILVER,silver,ref_mitre_technique,dw_created_date,datetime2,YES,9
RAN_DE_DW_200_SILVER,silver,ref_mitre_technique,dw_modified_date,datetime2,YES,10
RAN_DE_DW_200_SILVER,silver,ref_risc_sic,id_risc,int,NO,1
RAN_DE_DW_200_SILVER,silver,ref_risc_sic,risc,varchar,NO,2
RAN_DE_DW_200_SILVER,silver,ref_risc_sic,dw_created_date,datetime2,YES,3
RAN_DE_DW_200_SILVER,silver,ref_risc_sic,dw_modified_date,datetime2,YES,4
RAN_DE_DW_200_SILVER,silver,ref_risk_final_matrix,impact_num,smallint,NO,1
RAN_DE_DW_200_SILVER,silver,ref_risk_final_matrix,impact_text,varchar,NO,2
RAN_DE_DW_200_SILVER,silver,ref_risk_final_matrix,probability_num,smallint,NO,3
RAN_DE_DW_200_SILVER,silver,ref_risk_final_matrix,probability_text,varchar,NO,4
RAN_DE_DW_200_SILVER,silver,ref_risk_final_matrix,risk_final_num,smallint,NO,5
RAN_DE_DW_200_SILVER,silver,ref_risk_final_matrix,risk_final_text,varchar,NO,6
RAN_DE_DW_200_SILVER,silver,ref_risk_final_matrix,dw_updated_at,datetime2,NO,7
RAN_DE_DW_200_SILVER,silver,ref_sic_server_os_lifecycle,platform,varchar,YES,1
RAN_DE_DW_200_SILVER,silver,ref_sic_server_os_lifecycle,os_version,varchar,YES,2
RAN_DE_DW_200_SILVER,silver,ref_sic_server_os_lifecycle,platform_norm,varchar,NO,3
RAN_DE_DW_200_SILVER,silver,ref_sic_server_os_lifecycle,os_version_norm,varchar,NO,4
RAN_DE_DW_200_SILVER,silver,ref_sic_server_os_lifecycle,total_hosts,int,YES,5
RAN_DE_DW_200_SILVER,silver,ref_sic_server_os_lifecycle,is_deprecated,bit,YES,6
RAN_DE_DW_200_SILVER,silver,ref_sic_server_os_lifecycle,evaluation_date,date,YES,7
RAN_DE_DW_200_SILVER,silver,ref_sic_server_os_lifecycle,dw_updated_at,datetime2,YES,8
RAN_DE_DW_200_SILVER,silver,ref_workstation_os_build,os_build,varchar,YES,1
RAN_DE_DW_200_SILVER,silver,ref_workstation_os_build,total_hosts,int,YES,2
RAN_DE_DW_200_SILVER,silver,ref_workstation_os_build,ga_patch_build,varchar,YES,3
RAN_DE_DW_200_SILVER,silver,ref_workstation_os_build,days_lag_vs_ga,int,YES,4
RAN_DE_DW_200_SILVER,silver,ref_workstation_os_build,is_obsolete,bit,YES,5
RAN_DE_DW_200_SILVER,silver,ref_workstation_os_build,dw_updated_at,datetime2,YES,6
RAN_DE_DW_200_SILVER,silver,seed_host_app_current,hostname,varchar,YES,1
RAN_DE_DW_200_SILVER,silver,seed_host_app_current,key_app,int,YES,2
RAN_DE_DW_200_SILVER,silver,seed_host_app_current,source_system,varchar,YES,3
RAN_DE_DW_200_SILVER,silver,seed_host_app_current,source_priority,int,YES,4
RAN_DE_DW_200_SILVER,silver,seed_host_app_current,updated_at,datetime2,YES,5
RAN_DE_DW_200_SILVER,silver,seed_host_app_current,is_current,bit,YES,6
RAN_DE_DW_200_SILVER,silver,seed_host_app_current,notes,varchar,YES,7
RAN_DE_DW_200_SILVER,silver,stg_exposicion_amenaza_cpd,Amenaca,varchar,YES,1
RAN_DE_DW_200_SILVER,silver,stg_exposicion_amenaza_cpd,ID_Amenaca,varchar,YES,2
RAN_DE_DW_200_SILVER,silver,stg_exposicion_amenaza_cpd,CPD1,varchar,YES,3
RAN_DE_DW_200_SILVER,silver,stg_exposicion_amenaza_cpd,CPD2,varchar,YES,4
RAN_DE_DW_200_SILVER,silver,stg_exposicion_amenaza_cpd,CPD3,varchar,YES,5
RAN_DE_DW_200_SILVER,silver,stg_exposicion_amenaza_cpd,CPD4,varchar,YES,6
RAN_DE_DW_200_SILVER,silver,stg_exposicion_amenaza_cpd,synced_at,datetime2,YES,7
RAN_DE_DW_200_SILVER,silver,stg_fact_inventario_workstations_source,source_object,varchar,NO,1
RAN_DE_DW_200_SILVER,silver,stg_fact_inventario_workstations_source,hostname,varchar,NO,2
RAN_DE_DW_200_SILVER,silver,stg_fact_inventario_workstations_source,department_code_direct,varchar,YES,3
RAN_DE_DW_200_SILVER,silver,stg_fact_inventario_workstations_source,reporting_group,varchar,YES,4
RAN_DE_DW_200_SILVER,silver,stg_fact_inventario_workstations_source,last_user,varchar,YES,5
RAN_DE_DW_200_SILVER,silver,stg_fact_inventario_workstations_source,operating_system,varchar,YES,6
RAN_DE_DW_200_SILVER,silver,stg_fact_inventario_workstations_source,os_build,varchar,YES,7
RAN_DE_DW_200_SILVER,silver,stg_fact_inventario_workstations_source,antivirus_product,varchar,YES,8
RAN_DE_DW_200_SILVER,silver,stg_fact_inventario_workstations_source,antivirus_version,varchar,YES,9
RAN_DE_DW_200_SILVER,silver,stg_fact_inventario_workstations_source,antivirus_details,varchar,YES,10
RAN_DE_DW_200_SILVER,silver,stg_fact_inventario_workstations_source,antivirus_status,varchar,YES,11
RAN_DE_DW_200_SILVER,silver,stg_fact_inventario_workstations_source,defender_status,varchar,YES,12
RAN_DE_DW_200_SILVER,silver,stg_fact_inventario_workstations_source,edr_solution,varchar,YES,13
RAN_DE_DW_200_SILVER,silver,stg_fact_inventario_workstations_source,edr_version,varchar,YES,14
RAN_DE_DW_200_SILVER,silver,stg_fact_inventario_workstations_source,edr_status,varchar,YES,15
RAN_DE_DW_200_SILVER,silver,stg_fact_inventario_workstations_source,has_active_detections,bit,YES,16
RAN_DE_DW_200_SILVER,silver,stg_fact_inventario_workstations_source,pending_updates_count,int,YES,17
RAN_DE_DW_200_SILVER,silver,stg_fact_inventario_workstations_source,last_windows_update,date,YES,18
RAN_DE_DW_200_SILVER,silver,stg_fact_inventario_workstations_source,days_since_last_update,int,YES,19
RAN_DE_DW_200_SILVER,silver,stg_fact_inventario_workstations_source,tpm_version,varchar,YES,20
RAN_DE_DW_200_SILVER,silver,stg_fact_inventario_workstations_source,encryption_status,varchar,YES,21
RAN_DE_DW_200_SILVER,silver,stg_fact_inventario_workstations_source,source_snapshot_date,date,YES,22
RAN_DE_DW_200_SILVER,silver,stg_fact_inventario_workstations_source,source_dt_reference,date,YES,23
RAN_DE_DW_200_SILVER,silver,stg_fact_inventario_workstations_source,source_order_ts,datetime2,YES,24
RAN_DE_DW_200_SILVER,silver,stg_fact_inventario_workstations_source,source_order_id,bigint,YES,25
RAN_DE_DW_200_SILVER,silver,stg_fact_inventario_workstations_source,synced_at,datetime2,YES,26
RAN_DE_DW_200_SILVER,silver,stg_lldt_service_provider_department,department_code,varchar,YES,1
RAN_DE_DW_200_SILVER,silver,stg_lldt_service_provider_department,department_name,varchar,YES,2
RAN_DE_DW_200_SILVER,silver,stg_lldt_service_provider_department,service_block,varchar,YES,3
RAN_DE_DW_200_SILVER,silver,stg_lldt_service_provider_department,service_provider,varchar,YES,4
RAN_DE_DW_200_SILVER,silver,stg_lldt_service_provider_department,service_lot,varchar,YES,5
RAN_DE_DW_200_SILVER,silver,stg_lldt_service_provider_department,synced_at,datetime2,YES,6
RAN_DE_DW_200_SILVER,silver,stg_sic_server_os_lifecycle,platform,varchar,YES,1
RAN_DE_DW_200_SILVER,silver,stg_sic_server_os_lifecycle,os_version,varchar,YES,2
RAN_DE_DW_200_SILVER,silver,stg_sic_server_os_lifecycle,total_hosts,int,YES,3
RAN_DE_DW_200_SILVER,silver,stg_sic_server_os_lifecycle,is_deprecated,bit,YES,4
RAN_DE_DW_200_SILVER,silver,stg_sic_server_os_lifecycle,evaluation_date,date,YES,5
RAN_DE_DW_200_SILVER,silver,stg_sic_server_os_lifecycle,synced_at,datetime2,YES,6
RAN_DE_DW_200_SILVER,silver,stg_workstation_os_build,os_build,varchar,YES,1
RAN_DE_DW_200_SILVER,silver,stg_workstation_os_build,total_hosts,int,YES,2
RAN_DE_DW_200_SILVER,silver,stg_workstation_os_build,ga_patch_build,varchar,YES,3
RAN_DE_DW_200_SILVER,silver,stg_workstation_os_build,days_lag_vs_ga,int,YES,4
RAN_DE_DW_200_SILVER,silver,stg_workstation_os_build,is_obsolete,bit,YES,5
RAN_DE_DW_200_SILVER,silver,stg_workstation_os_build,synced_at,datetime2,YES,6
RAN_DE_DW_200_SILVER,silver,vw_cpd_edr_sic_current,hostname,varchar,YES,1
RAN_DE_DW_200_SILVER,silver,vw_cpd_edr_sic_current,origen,varchar,YES,2
RAN_DE_DW_200_SILVER,silver,vw_cpd_edr_sic_current,last_seen_date,date,YES,3
RAN_DE_DW_200_SILVER,silver,vw_cpd_edr_sic_current,days_since_last_seen,int,YES,4
RAN_DE_DW_200_SILVER,silver,vw_cpd_edr_sic_current,is_active,int,YES,5
RAN_DE_DW_200_SILVER,silver,vw_cpd_edr_sic_current,is_stale,int,YES,6
RAN_DE_DW_200_SILVER,silver,vw_cpd_edr_sic_current,is_unreachable,int,YES,7
RAN_DE_DW_200_SILVER,silver,vw_cpd_edr_sic_current,snapshot_date,date,YES,8
RAN_DE_DW_200_SILVER,silver,vw_cpd_edr_sic_current,key_app,int,YES,9
RAN_DE_DW_200_SILVER,silver,vw_cpd_edr_sic_current,app_name,varchar,YES,10
RAN_DE_DW_200_SILVER,silver,vw_cpd_edr_sic_current,sic,int,YES,11
RAN_DE_DW_200_SILVER,silver,vw_cpd_edr_sic_current,sic_nom,varchar,YES,12
RAN_DE_DW_200_SILVER,silver,vw_cpd_edr_sic_current,sic_descripcio,varchar,YES,13
RAN_DE_DW_200_SILVER,silver,vw_cpd_edr_sic_current,has_sic_match,int,NO,14
RAN_DE_DW_200_SILVER,silver,vw_cpd_edr_sic_current,source_system,varchar,YES,15
RAN_DE_DW_200_SILVER,silver,vw_cpd_edr_sic_current,source_priority,int,YES,16
RAN_DE_DW_200_SILVER,silver,vw_cpd_edr_sic_current,source_updated_at,datetime2,YES,17
RAN_DE_DW_200_SILVER,silver,vw_cpd_edr_sic_current,map_dw_updated_at,datetime2,YES,18
RAN_DE_DW_200_SILVER,silver,vw_crowdstrike_cpd_current,crowdstrike_cpd_sk,bigint,NO,1
RAN_DE_DW_200_SILVER,silver,vw_crowdstrike_cpd_current,source_system,varchar,YES,2
RAN_DE_DW_200_SILVER,silver,vw_crowdstrike_cpd_current,source_file,varchar,YES,3
RAN_DE_DW_200_SILVER,silver,vw_crowdstrike_cpd_current,cpd_origen,varchar,YES,4
RAN_DE_DW_200_SILVER,silver,vw_crowdstrike_cpd_current,snapshot_ts,datetime2,NO,5
RAN_DE_DW_200_SILVER,silver,vw_crowdstrike_cpd_current,snapshot_date,date,NO,6
RAN_DE_DW_200_SILVER,silver,vw_crowdstrike_cpd_current,ingestion_ts,datetime2,YES,7
RAN_DE_DW_200_SILVER,silver,vw_crowdstrike_cpd_current,host_id,varchar,NO,8
RAN_DE_DW_200_SILVER,silver,vw_crowdstrike_cpd_current,hostname,varchar,YES,9
RAN_DE_DW_200_SILVER,silver,vw_crowdstrike_cpd_current,hostname_norm,varchar,YES,10
RAN_DE_DW_200_SILVER,silver,vw_crowdstrike_cpd_current,last_seen_ts,datetime2,YES,11
RAN_DE_DW_200_SILVER,silver,vw_crowdstrike_cpd_current,first_seen_ts,datetime2,YES,12
RAN_DE_DW_200_SILVER,silver,vw_crowdstrike_cpd_current,platform,varchar,YES,13
RAN_DE_DW_200_SILVER,silver,vw_crowdstrike_cpd_current,os_version,varchar,YES,14
RAN_DE_DW_200_SILVER,silver,vw_crowdstrike_cpd_current,asset_type,varchar,YES,15
RAN_DE_DW_200_SILVER,silver,vw_crowdstrike_cpd_current,local_ip,varchar,YES,16
RAN_DE_DW_200_SILVER,silver,vw_crowdstrike_cpd_current,external_ip,varchar,YES,17
RAN_DE_DW_200_SILVER,silver,vw_crowdstrike_cpd_current,mac_address,varchar,YES,18
RAN_DE_DW_200_SILVER,silver,vw_crowdstrike_cpd_current,sensor_version,varchar,YES,19
RAN_DE_DW_200_SILVER,silver,vw_crowdstrike_cpd_current,host_groups,varchar,YES,20
RAN_DE_DW_200_SILVER,silver,vw_crowdstrike_cpd_current,sensor_tags,varchar,YES,21
RAN_DE_DW_200_SILVER,silver,vw_crowdstrike_cpd_current,last_logged_in_user_account,varchar,YES,22
RAN_DE_DW_200_SILVER,silver,vw_crowdstrike_cpd_current,prevention_policy,varchar,YES,23
RAN_DE_DW_200_SILVER,silver,vw_crowdstrike_cpd_current,logscale_collector_policy,varchar,YES,24
RAN_DE_DW_200_SILVER,silver,vw_crowdstrike_cpd_current,sensor_update_policy,varchar,YES,25
RAN_DE_DW_200_SILVER,silver,vw_crowdstrike_cpd_current,content_update_policy,varchar,YES,26
RAN_DE_DW_200_SILVER,silver,vw_crowdstrike_cpd_current,host_retention_policy,varchar,YES,27
RAN_DE_DW_200_SILVER,silver,vw_crowdstrike_cpd_current,dw_created_at,datetime2,YES,28
RAN_DE_DW_200_SILVER,silver,vw_crowdstrike_cpd_current,dw_updated_at,datetime2,YES,29
RAN_DE_DW_200_SILVER,silver,vw_crowdstrike_cpd_sic_current,host_id,varchar,NO,1
RAN_DE_DW_200_SILVER,silver,vw_crowdstrike_cpd_sic_current,hostname,varchar,YES,2
RAN_DE_DW_200_SILVER,silver,vw_crowdstrike_cpd_sic_current,origen,varchar,YES,3
RAN_DE_DW_200_SILVER,silver,vw_crowdstrike_cpd_sic_current,last_seen_date,date,YES,4
RAN_DE_DW_200_SILVER,silver,vw_crowdstrike_cpd_sic_current,days_since_last_seen,int,YES,5
RAN_DE_DW_200_SILVER,silver,vw_crowdstrike_cpd_sic_current,is_active,int,NO,6
RAN_DE_DW_200_SILVER,silver,vw_crowdstrike_cpd_sic_current,is_stale,int,NO,7
RAN_DE_DW_200_SILVER,silver,vw_crowdstrike_cpd_sic_current,is_unreachable,int,NO,8
RAN_DE_DW_200_SILVER,silver,vw_crowdstrike_cpd_sic_current,snapshot_date,date,NO,9
RAN_DE_DW_200_SILVER,silver,vw_crowdstrike_cpd_sic_current,snapshot_ts,datetime2,NO,10
RAN_DE_DW_200_SILVER,silver,vw_crowdstrike_cpd_sic_current,platform,varchar,YES,11
RAN_DE_DW_200_SILVER,silver,vw_crowdstrike_cpd_sic_current,os_version,varchar,YES,12
RAN_DE_DW_200_SILVER,silver,vw_crowdstrike_cpd_sic_current,asset_type,varchar,YES,13
RAN_DE_DW_200_SILVER,silver,vw_crowdstrike_cpd_sic_current,source_file,varchar,YES,14
RAN_DE_DW_200_SILVER,silver,vw_crowdstrike_cpd_sic_current,key_app,int,YES,15
RAN_DE_DW_200_SILVER,silver,vw_crowdstrike_cpd_sic_current,app_name,varchar,YES,16
RAN_DE_DW_200_SILVER,silver,vw_crowdstrike_cpd_sic_current,sic,int,YES,17
RAN_DE_DW_200_SILVER,silver,vw_crowdstrike_cpd_sic_current,sic_nom,varchar,YES,18
RAN_DE_DW_200_SILVER,silver,vw_crowdstrike_cpd_sic_current,sic_descripcio,varchar,YES,19
RAN_DE_DW_200_SILVER,silver,vw_crowdstrike_cpd_sic_current,has_sic_match,int,NO,20
RAN_DE_DW_200_SILVER,silver,vw_crowdstrike_cpd_sic_current,source_system,varchar,YES,21
RAN_DE_DW_200_SILVER,silver,vw_crowdstrike_cpd_sic_current,source_priority,int,YES,22
